ID,Debrisno,Area_ha,Centroid_X,Centroid_Y,Debrisno_o
1,宜縣DF135,20.47,313654,2727014,宜蘭A089
2,宜縣DF131,40.58,319465,2727383,宜蘭A088
3,宜縣DF132,41.5,318988,2727221,宜蘭A087
4,宜縣DF133,259.29,317490,2726563,宜蘭A086
5,宜縣DF134,188.47,315711,2726614,宜蘭028
6,宜縣DF063,8.83,299949,2718687,宜蘭A074
7,宜縣DF064,77.6,299470,2718031,宜蘭A073
8,宜縣DF072,672.07,296215,2709337,宜蘭A069
9,宜縣DF073,86.9,294477,2709636,宜蘭021
10,宜縣DF074,60.41,293101,2707790,宜蘭020
11,宜縣DF075,37.52,292717,2707339,宜蘭019
12,宜縣DF076,121.86,290779,2708220,宜蘭018
13,宜縣DF077,97.83,289411,2707959,宜蘭017
14,宜縣DF054,4.91,310047,2729345,宜蘭A079
15,宜縣DF055,113.96,309173,2729479,宜蘭A078
16,宜縣DF056,25.58,308551,2728220,宜蘭G97-85
17,宜縣DF057,1315.13,305858,2729910,宜蘭A077
18,宜縣DF078,295.65,287585,2704470,宜蘭016
19,宜縣DF079,16.08,287830,2703898,宜蘭015
20,宜縣DF080,756.79,285626,2702564,宜蘭014
21,宜縣DF081,23.69,286633,2701600,宜蘭013
22,宜縣DF082,170.73,285460,2700697,宜蘭012
23,宜縣DF083,187.94,285387,2699656,宜蘭011
24,宜縣DF084,90.87,286640,2699272,宜蘭010
25,宜縣DF058,207.41,303871,2725293,宜蘭A076
26,宜縣DF059,4.21,303312,2723345,宜蘭A075
27,宜縣DF065,46.18,298690,2716804,宜蘭024
28,宜縣DF066,1256.53,294280,2719402,宜蘭025
29,宜縣DF067,123,298654,2715902,宜蘭023
30,宜縣DF068,371.76,298007,2714334,宜蘭022
31,宜縣DF069,127.45,296723,2714665,宜蘭A072
32,宜縣DF070,71.95,296215,2712895,宜蘭A071
33,宜縣DF071,370.38,296506,2711438,宜蘭A070
34,宜縣DF144,197.17,296714,2713138,宜縣G104-1
35,宜縣DF051,25.6,311634,2731043,宜蘭A082
36,宜縣DF052,22.21,311220,2731231,宜蘭A081
37,宜縣DF053,416.12,309812,2731858,宜蘭A080
38,宜縣DF085,382.03,320554,2721851,宜蘭A084
39,宜縣DF086,162.53,318261,2722177,宜蘭A083
40,宜縣DF149,55.59,319760,2720440,宜縣G106-6
41,宜縣DF087,64.22,315303,2722914,宜蘭G97-87
42,宜縣DF088,19.65,314986,2723007,宜蘭G97-84
43,宜縣DF089,35.3,314900,2723463,宜蘭026
44,宜縣DF090,99.76,310049,2724966,宜蘭G97-83
45,宜縣DF143,239.4,308612,2723920,宜縣G100-6
46,宜縣DF060,2037.44,305879,2718779,宜蘭T005
47,宜縣DF061,57.5,303249,2720022,宜蘭G97-82
48,宜縣DF062,58.68,302857,2719739,宜蘭G97-81
49,宜縣DF119,45.15,319706,2725642,宜蘭027
50,宜縣DF120,60.04,319035,2726537,宜蘭A085
51,宜縣DF121,16.06,325131,2725815,宜蘭A042
52,宜縣DF122,35.12,324838,2725514,宜蘭A043
53,宜縣DF123,25.63,324335,2725278,宜蘭A044
54,宜縣DF124,25.74,323952,2725146,宜蘭A045
55,宜縣DF125,30.34,323507,2724694,宜蘭A046
56,宜縣DF126,8.68,324912,2724167,宜蘭A047
57,宜縣DF130,18.21,327137,2724104,宜蘭A048
58,宜縣DF127,79.49,330360,2722199,宜蘭A049
59,宜縣DF128,15.36,330825,2722704,宜蘭001
60,宜縣DF129,32.79,331347,2723293,宜蘭A050
61,宜縣DF118,0.92,324769,2726773,宜蘭A041
62,宜縣DF099,866.52,332273,2714314,宜蘭004
63,宜縣DF092,30.29,330195,2703237,宜蘭008
64,宜縣DF093,43.06,327978,2708044,宜蘭007
65,宜縣DF150,37.73,326739,2705549,宜縣G106-7
66,宜縣DF091,334.21,326486,2700862,宜蘭009
67,宜縣DF095,164.69,331553,2708744,宜蘭006
68,宜縣DF096,18.49,332521,2708320,宜蘭A065
69,宜縣DF097,42.58,332612,2708994,宜蘭005
70,宜縣DF094,20.24,330654,2707803,宜蘭A064
71,宜縣DF098,8.61,330215,2708467,宜蘭A063
72,宜縣DF146,187.42,329820,2710930,宜縣G106-2
73,宜縣DF147,37.85,330322,2708141,宜縣G106-3
74,宜縣DF139,1571.97,324880,2694512,宜縣G98-4
75,宜縣DF043,46.47,314336,2733963,宜蘭030
76,宜縣DF044,9.81,314576,2733803,宜蘭A093
77,宜縣DF045,18.38,314583,2733500,宜蘭A092
78,宜縣DF046,167.99,313619,2733352,宜蘭A091
79,宜縣DF047,44.35,312592,2732925,宜蘭A090
80,宜縣DF048,792.69,310479,2734101,宜蘭029
81,宜縣DF049,11.37,317963,2734583,宜蘭A094
82,宜縣DF041,223.35,317290,2736220,宜蘭A095
83,宜縣DF042,11.59,319577,2736299,宜蘭A096
84,宜縣DF036,17.08,319876,2741343,宜蘭A100
85,宜縣DF037,13.58,320196,2741226,宜蘭A101
86,宜縣DF038,127.14,319119,2740111,宜蘭A098
87,宜縣DF039,17.75,317717,2739414,宜蘭A097
88,宜縣DF040,84.35,317556,2737389,宜蘭031
89,宜縣DF050,67.05,321027,2739381,宜蘭A099
90,宜縣DF008,35.41,342903,2763176,宜蘭A118
91,宜縣DF009,10.84,341030,2760541,宜蘭A117
92,宜縣DF010,13.59,340841,2760438,宜蘭A116
93,宜縣DF019,100.84,334835,2753768,宜蘭A111
94,宜縣DF020,8.82,334844,2752904,宜蘭A110
95,宜縣DF001,2.21,346677,2764537,宜蘭T006
96,宜縣DF002,25.69,345630,2764356,宜蘭A124
97,宜縣DF003,25.46,345346,2764178,宜蘭A123
98,宜縣DF004,26.23,344931,2763984,宜蘭A122
99,宜縣DF005,23.53,344548,2763754,宜蘭A121
100,宜縣DF006,28.83,344056,2763586,宜蘭A120
101,宜縣DF007,56.08,343279,2763319,宜蘭A119
102,宜縣DF011,30.13,338948,2759194,宜蘭T012
103,宜縣DF012,148.15,338174,2758792,宜蘭G96-2
104,宜縣DF013,12.68,338893,2757401,宜蘭A115
105,宜縣DF140,8.22,339427,2759359,宜縣G99-7
106,宜縣DF014,249.95,337330,2756902,宜蘭A114
107,宜縣DF015,29.58,336560,2756200,宜蘭040
108,宜縣DF016,86.73,335905,2756554,宜蘭039
109,宜縣DF017,51,335526,2756369,宜蘭A113
110,宜縣DF018,71.91,334920,2755576,宜蘭A112
111,宜縣DF021,9.53,332538,2751683,宜蘭A109
112,宜縣DF022,264.6,329196,2750404,宜蘭A108
113,宜縣DF031,94.86,320595,2742877,宜蘭036
114,宜縣DF032,62.04,319822,2742851,宜蘭035
115,宜縣DF033,76.6,319132,2743118,宜蘭034
116,宜縣DF034,214.09,318101,2743765,宜蘭033
117,宜縣DF035,182.38,317413,2743694,宜蘭032
118,宜縣DF027,7.57,326037,2747471,宜蘭A105
119,宜縣DF028,190.79,325431,2748534,宜蘭A104
120,宜縣DF024,102.66,327834,2748366,宜蘭038
121,宜縣DF025,98.1,327163,2748209,宜蘭A106
122,宜縣DF023,431.58,327778,2749577,宜蘭A107
123,宜縣DF136,18.88,328419,2748662,宜蘭G98-03
124,宜縣DF137,15.23,325081,2746144,宜蘭G98-02
125,宜縣DF138,305.63,323814,2745542,宜蘭G98-01
126,宜縣DF030,274.94,321706,2745962,宜蘭A102
127,宜縣DF145,202.88,320660,2746160,宜縣G106-4
128,宜縣DF026,22.78,327151,2747800,宜蘭037
129,宜縣DF029,83.85,324206,2744338,宜蘭A103
130,宜縣DF107,35.96,336621,2718473,宜蘭A055
131,宜縣DF108,59.49,335093,2719934,宜蘭A056
132,宜縣DF109,21.5,334382,2719455,宜蘭A059
133,宜縣DF110,5.61,335193,2719368,宜蘭A058
134,宜縣DF111,3.28,335362,2719334,宜蘭A057
135,宜縣DF112,13.18,334842,2717927,宜蘭A060
136,宜縣DF113,20.83,335026,2717497,宜蘭A061
137,宜縣DF141,13.86,334802,2719541,宜縣G99-10
138,宜縣DF142,4.22,334796,2719368,宜縣G99-8
139,宜縣DF148,237.68,334600,2709400,宜縣G106-5
140,宜縣DF101,10.13,336841,2720097,宜蘭A054
141,宜縣DF100,9.2,337777,2718918,宜蘭A062
142,宜縣DF114,102.01,333707,2708893,宜蘭A066
143,宜縣DF115,367.18,333098,2708148,宜蘭G97-72
144,宜縣DF116,17.7,333866,2707653,宜蘭A067
145,宜縣DF117,23.8,330019,2704558,宜蘭A068
146,宜縣DF106,117.51,333720,2720193,宜蘭003
147,宜縣DF103,26.87,335269,2722066,宜蘭A052
148,宜縣DF104,89.8,333428,2721655,宜蘭A051
149,宜縣DF105,33.12,333858,2720931,宜蘭002
150,宜縣DF102,13.96,336098,2721991,宜蘭A053
151,基市DF012,16.37,316672,2778170,台北A261
152,基市DF016,17.89,320606,2773802,台北A264
153,基市DF018,6.15,323082,2775313,台北A262
154,基市DF017,4.13,321696,2774454,台北A263
155,基市DF010,28.1,317468,2780221,台北A256
156,基市DF011,16.16,317999,2779750,台北A257
157,基市DF013,12.12,319602,2777308,台北A258
158,基市DF014,37.37,320683,2777602,台北A260
159,基市DF015,20.85,320217,2777899,台北A259
160,基市DF002,18.97,322060,2783541,台北A238
161,基市DF003,9.05,322426,2781964,台北A239
162,基市DF001,22.66,322866,2783851,台北A241
163,基市DF032,3.8,328031,2781828,台北A243
164,基市DF034,5.58,330991,2780359,台北A244
165,基市DF033,19.71,328316,2782155,台北A242
166,基市DF025,2.05,324397,2779287,台北A250
167,基市DF026,10.74,324632,2779061,台北A251
168,基市DF004,20.3,321471,2783845,台北A237
169,基市DF005,8.6,320805,2784585,台北A235
170,基市DF006,13.44,320706,2784294,台北A236
171,基市DF007,59.97,318976,2783372,台北A233
172,基市DF008,7.06,319609,2783275,台北A234
173,基市DF009,7.25,322037,2781808,台北A240
174,基市DF030,7.92,327600,2779870,台北A246
175,基市DF031,9.28,327884,2779742,台北A245
176,基市DF029,8.03,327373,2779800,台北A247
177,基市DF028,6.76,326986,2779755,台北A248
178,基市DF027,7.75,326876,2779674,台北A249
179,基市DF019,360,326616,2773321,台北A255
180,基市DF020,153.41,327159,2774069,台北049
181,基市DF021,48.87,326270,2775074,台北A254
182,基市DF022,10.62,325358,2775785,台北A253
183,基市DF023,87.78,326113,2776224,台北048
184,基市DF024,19.89,325448,2777757,台北A252
185,新北DF011,7.97,287553,2780772,北縣DF011
186,新北DF020,5.11,293245,2781818,北縣DF020
187,新北DF012,2.35,289318,2778953,北縣DF012
188,新北DF013,3.8,289245,2778764,北縣DF013
189,新北DF014,6.47,289187,2778494,北縣DF014
190,新北DF015,5.45,289144,2778308,北縣DF015
191,新北DF016,9.63,290309,2777351,北縣DF016
192,新北DF017,7.63,290105,2778601,北縣DF017
193,新北DF018,5.4,290133,2778798,北縣DF018
194,新北DF019,14.7,290252,2779020,北縣DF019
195,新北DF003,4.93,302164,2791650,北縣DF003
196,新北DF004,101.72,301831,2788042,北縣DF004
197,新北DF005,228.59,303830,2788832,北縣DF005
198,新北DF006,30.97,304429,2793775,北縣DF006
199,新北DF065,92.46,285655,2751035,北縣DF065
200,新北DF066,78.76,286544,2751370,北縣DF066
201,新北DF067,55.76,287154,2751692,北縣DF067
202,新北DF068,39.77,287964,2750742,北縣DF068
203,新北DF069,20.93,288294,2751106,北縣DF069
204,新北DF062,17.86,284390,2756503,北縣DF062
205,新北DF081,23.88,295645,2758826,北縣DF081
206,新北DF082,25.81,294413,2758198,北縣DF082
207,新北DF221,11.52,297544,2755979,新北F101-3
208,新北DF223,4.38,297866,2756807,新北F104-11
209,新北DF073,85.85,293499,2748308,北縣DF073
210,新北DF074,31.78,294116,2748444,北縣DF074
211,新北DF075,7.79,297180,2749329,北縣DF075
212,新北DF076,93.41,294654,2749939,北縣DF076
213,新北DF077,347.64,294125,2750995,北縣DF077
214,新北DF078,3.45,293157,2750924,北縣DF078
215,新北DF079,22.46,292897,2751088,北縣DF079
216,新北DF222,17.12,294554,2747843,新北F104-22
217,新北DF080,436.34,293297,2755158,北縣DF080
218,新北DF063,90.63,287268,2752946,北縣DF063
219,新北DF064,81.51,287484,2752514,北縣DF064
220,新北DF070,32.07,290364,2751184,北縣DF070
221,新北DF071,14.45,290631,2751250,北縣DF071
222,新北DF072,244.49,292426,2752464,北縣DF072
223,新北DF083,132.05,290616,2754774,北縣DF083
224,新北DF053,69.69,293642,2760322,北縣DF053
225,新北DF054,24.24,297561,2762992,北縣DF054
226,新北DF055,14.2,298237,2763118,北縣DF055
227,新北DF220,26.86,292613,2760476,新北F100-5
228,新北DF052,5.85,300118,2764357,北縣DF052
229,新北DF023,10.18,290862,2777333,北縣DF023
230,新北DF024,24.88,292001,2777715,北縣DF024
231,新北DF029,19.72,293100,2775225,北縣DF029
232,新北DF025,3.12,291761,2774080,北縣DF025
233,新北DF026,7.13,292167,2773662,北縣DF026
234,新北DF027,4.73,292723,2773911,北縣DF027
235,新北DF028,10.76,292976,2774004,北縣DF028
236,新北DF021,145.22,293318,2779490,北縣DF021
237,新北DF022,26.76,292133,2779484,北縣DF022
238,新北DF188,18.55,328032,2771238,北縣DF188
239,新北DF189,45.93,327615,2770998,北縣DF189
240,新北DF186,38.19,329548,2770336,北縣DF186
241,新北DF183,83.35,322499,2769228,北縣DF183
242,新北DF187,104.55,327604,2772468,北縣DF187
243,新北DF185,11.36,325440,2768497,北縣DF185
244,新北DF184,107.78,321564,2768976,北縣DF184
245,新北DF001,135.62,307991,2791278,北縣DF001
246,新北DF002,73.16,308042,2791858,北縣DF002
247,新北DF120,7.41,320045,2766342,北縣DF120
248,新北DF119,50.49,312338,2761756,北縣DF119
249,新北DF116,48.91,315878,2764121,北縣DF116
250,新北DF117,36.34,315418,2763646,北縣DF117
251,新北DF118,70.75,316004,2762065,北縣DF118
252,新北DF112,19.74,316593,2765302,北縣DF112
253,新北DF113,12.53,318422,2763980,北縣DF113
254,新北DF114,57.78,318598,2764772,北縣DF114
255,新北DF115,34.62,317308,2765362,北縣DF115
256,新北DF192,66.48,315487,2770841,北縣DF192
257,新北DF197,319.25,319645,2771720,北縣DF197
258,新北DF198,357.24,321148,2770662,北縣DF198
259,新北DF191,10.47,310298,2778682,北縣DF191
260,新北DF195,5.09,319637,2773124,北縣DF195
261,新北DF196,1.45,319806,2773702,北縣DF196
262,新北DF193,19.93,317616,2771904,北縣DF193
263,新北DF194,127.72,318808,2772197,北縣DF194
264,新北DF190,10.15,314099,2779242,北縣DF190
265,新北DF124,18.44,321715,2757605,北縣DF124
266,新北DF125,36.51,322136,2756835,北縣DF125
267,新北DF232,9.92,321836,2757823,新北F104-13
268,新北DF127,55.09,325761,2757641,北縣DF127
269,新北DF128,255.1,324152,2757956,北縣DF128
270,新北DF129,28.47,323701,2758942,北縣DF129
271,新北DF126,31.41,325704,2753840,北縣DF126
272,新北DF121,7.49,321064,2759456,北縣DF121
273,新北DF122,23.99,318392,2756865,北縣DF122
274,新北DF123,5.92,319209,2756662,北縣DF123
275,新北DF214,49.4,311509,2791797,北縣DF214
276,新北DF235,29.34,310886,2791655,新北F107-1
277,新北DF216,45.07,313099,2793870,北縣DF216
278,新北DF217,40.57,313210,2794387,北縣DF217
279,新北DF218,62.95,312578,2794866,北縣DF218
280,新北DF215,4.28,312786,2792783,北縣DF215
281,新北DF211,35.15,308974,2789504,北縣DF211
282,新北DF212,8.29,309543,2789513,北縣DF212
283,新北DF213,149.62,309224,2790468,北縣DF213
284,新北DF030,13.51,288556,2773641,北縣DF030
285,新北DF031,20.67,290494,2772652,北縣DF031
286,新北DF032,17,290990,2772613,北縣DF032
287,新北DF033,1.55,291056,2771844,北縣DF033
288,新北DF034,5.34,291283,2771909,北縣DF034
289,新北DF035,62.57,291295,2771203,北縣DF035
290,新北DF036,12.37,292068,2772168,北縣DF036
291,新北DF037,16.74,291218,2772720,北縣DF037
292,新北DF041,18.69,292387,2771029,北縣DF041
293,新北DF042,5.78,292587,2771181,北縣DF042
294,新北DF038,25.76,291898,2770507,北縣DF038
295,新北DF039,7.24,292043,2770777,北縣DF039
296,新北DF040,7.4,292094,2770913,北縣DF040
297,新北DF229,45.96,306422,2753327,新北F104-6
298,新北DF230,42.07,306725,2752781,新北F104-1
299,新北DF103,290.95,301782,2747907,北縣DF103
300,新北DF231,393.56,301900,2748967,新北F104-2
301,新北DF104,177.05,300264,2744767,北縣DF104
302,新北DF105,280.47,299384,2739882,北縣DF105
303,新北DF151,57.12,342002,2777877,北縣DF151
304,新北DF152,26.89,340903,2775833,北縣DF152
305,新北DF156,48.19,349278,2767028,北縣DF156
306,新北DF157,83.6,348870,2767646,北縣DF157
307,新北DF154,32.03,345354,2766462,北縣DF154
308,新北DF155,14.05,347793,2768232,北縣DF155
309,新北DF153,27.78,342719,2766817,北縣DF153
310,新北DF008,27.84,297543,2783120,北縣DF008
311,新北DF007,627.52,301225,2786023,北縣DF007
312,新北DF009,38.51,299908,2784319,北縣DF009
313,新北DF010,79,298928,2784551,北縣DF010
314,新北DF109,28.63,314359,2767696,北縣DF109
315,新北DF110,31.91,313909,2767675,北縣DF110
316,新北DF108,12.56,313705,2766008,北縣DF108
317,新北DF107,12.2,312264,2766687,北縣DF107
318,新北DF106,6.68,312101,2766592,北縣DF106
319,新北DF111,79.02,313552,2767571,北縣DF111
320,新北DF219,22,305172,2761306,北縣DF219
321,新北DF084,22.46,297475,2760568,北縣DF084
322,新北DF085,116.49,298281,2761154,北縣DF085
323,新北DF093,149.28,306456,2756622,北縣DF093
324,新北DF094,11.75,305859,2757158,北縣DF094
325,新北DF228,7.08,305723,2756899,新北F104-3
326,新北DF102,16.34,305893,2759969,北縣DF102
327,新北DF101,10.51,306157,2761448,北縣DF101
328,新北DF098,42.71,308136,2761743,北縣DF098
329,新北DF099,45.21,307153,2761372,北縣DF099
330,新北DF100,11.34,306627,2760362,北縣DF100
331,新北DF095,132.8,307652,2758418,北縣DF095
332,新北DF089,43.44,302332,2759320,北縣DF089
333,新北DF090,72.85,302568,2758739,北縣DF090
334,新北DF091,44.32,303257,2755089,北縣DF091
335,新北DF224,251.1,302751,2756015,新北F104-14
336,新北DF225,258.32,299406,2751612,新北F104-19
337,新北DF226,32.38,301328,2752717,新北F104-10
338,新北DF227,26.36,302876,2753373,新北F104-9
339,新北DF234,261.88,298770,2752945,新北F106-6
340,新北DF088,91.47,301057,2759809,北縣DF088
341,新北DF092,357.35,307685,2753730,北縣DF092
342,新北DF096,271.58,309669,2758790,北縣DF096
343,新北DF097,10.26,311250,2761432,北縣DF097
344,新北DF233,14.68,308223,2759862,新北F105-2
345,新北DF086,17.98,299201,2760849,北縣DF086
346,新北DF087,201.52,299531,2758101,北縣DF087
347,新北DF043,3.69,290933,2769938,北縣DF043
348,新北DF044,19.62,290555,2769875,北縣DF044
349,新北DF045,21.2,291036,2769534,北縣DF045
350,新北DF046,12.32,291486,2770267,北縣DF046
351,新北DF047,13.05,291209,2770451,北縣DF047
352,新北DF048,8.64,290514,2769416,北縣DF048
353,新北DF049,7.42,290279,2768958,北縣DF049
354,新北DF050,12.67,290694,2768848,北縣DF050
355,新北DF051,15.24,289944,2769026,北縣DF051
356,新北DF162,180.34,327233,2775804,北縣DF162
357,新北DF173,47.01,334512,2775526,北縣DF173
358,新北DF174,168.13,335021,2776300,北縣DF174
359,新北DF175,54.44,334670,2777084,北縣DF175
360,新北DF165,8.46,332918,2775311,北縣DF165
361,新北DF166,4.65,333347,2775986,北縣DF166
362,新北DF167,4.78,333516,2776181,北縣DF167
363,新北DF160,15.31,331051,2777220,北縣DF160
364,新北DF182,42.1,339254,2778796,北縣DF182
365,新北DF161,42.53,329790,2776065,北縣DF161
366,新北DF168,4.81,333546,2774924,北縣DF168
367,新北DF169,50.86,333852,2774775,北縣DF169
368,新北DF170,32.6,334130,2775045,北縣DF170
369,新北DF171,9.29,333963,2775554,北縣DF171
370,新北DF172,8.43,334105,2775630,北縣DF172
371,新北DF177,75.61,335880,2777783,北縣DF177、新北F106-7
372,新北DF159,6.98,332249,2777053,北縣DF159
373,新北DF158,3.61,332355,2779054,北縣DF158
374,新北DF163,8.89,332883,2772220,北縣DF163
375,新北DF164,8.44,333165,2772362,北縣DF164
376,新北DF176,10.14,335004,2777538,北縣DF176
377,新北DF178,110.67,337084,2777569,北縣DF178
378,新北DF179,8.63,337362,2778958,北縣DF179
379,新北DF180,11.3,337537,2779090,北縣DF180
380,新北DF181,68.84,337707,2778542,北縣DF181
381,新北DF210,9.52,315662,2788592,北縣DF210
382,新北DF200,17.61,317525,2785124,北縣DF200
383,新北DF201,48.61,318074,2783746,北縣DF201
384,新北DF202,63.31,318139,2785548,北縣DF202
385,新北DF203,11.77,319157,2784791,北縣DF203
386,新北DF206,22.38,318048,2787742,北縣DF206
387,新北DF207,50.3,317369,2787234,北縣DF207
388,新北DF208,11.69,316829,2787498,北縣DF208
389,新北DF209,62.9,316601,2787176,北縣DF209
390,新北DF199,21.62,314207,2782188,北縣DF199
391,新北DF204,103.49,317857,2786456,北縣DF204
392,新北DF205,31.42,318124,2786858,北縣DF205
393,新北DF056,17.64,290911,2767057,北縣DF056
394,新北DF060,22.8,291080,2765725,北縣DF060
395,新北DF059,16.59,291206,2765089,北縣DF059
396,新北DF057,7.47,290545,2764323,北縣DF057
397,新北DF058,2.03,290854,2763959,北縣DF058
398,新北DF130,94.7,336255,2776013,北縣DF130
399,新北DF131,5.1,336035,2775249,北縣DF131
400,新北DF132,66.36,335537,2775457,北縣DF132
401,新北DF133,75.14,335264,2774629,北縣DF133
402,新北DF134,29.57,335234,2773734,北縣DF134
403,新北DF135,21.16,336316,2773254,北縣DF135
404,新北DF143,40.92,332926,2766949,北縣DF143
405,新北DF144,5.26,331983,2768654,北縣DF144
406,新北DF145,42.23,331412,2768915,北縣DF145
407,新北DF146,3.23,331571,2768376,北縣DF146
408,新北DF147,69.46,331047,2768611,北縣DF147
409,新北DF137,23.92,336518,2770891,北縣DF137
410,新北DF138,5.78,336536,2770555,北縣DF138
411,新北DF139,17.59,335902,2770612,北縣DF139
412,新北DF140,15.98,335719,2770493,北縣DF140
413,新北DF141,5.19,335284,2770317,北縣DF141
414,新北DF142,30.42,335598,2769086,北縣DF142
415,新北DF136,5.55,336037,2771627,北縣DF136
416,新北DF148,18.88,330934,2766869,北縣DF148
417,新北DF149,36.22,333605,2759158,北縣DF149
418,新北DF150,55.38,333126,2759566,北縣DF150
419,新北DF061,3.84,285908,2761740,北縣DF061
420,北市DF021,140.14,305603,2780278,台北058
421,北市DF022,19.95,307588,2778151,台北060
422,北市DF023,8.03,310139,2779951,台北A278
423,北市DF024,15.88,310103,2781197,台北A277
424,北市DF018,10.65,304024,2776379,台北A280
425,北市DF019,26.19,304756,2777031,台北A279
426,北市DF020,43.45,306800,2777136,台北059
427,北市DF025,27.03,304853,2775723,台北A281
428,北市DF039,4.32,310814,2775844,台北A288
429,北市DF040,9.29,310816,2776214,台北053
430,北市DF041,51.32,310555,2776698,台北054
431,北市DF042,298.95,309632,2777304,台北A287
432,北市DF049,40.86,307273,2776292,台北057
433,北市DF050,14.02,306016,2775896,台北A282
434,北市DF045,9.3,308861,2776165,台北A284
435,北市DF046,66.14,308299,2776810,台北055
436,北市DF047,4.26,308134,2775664,台北A283
437,北市DF048,20.77,307693,2775945,台北056
438,北市DF043,15.24,309613,2776111,台北A286
439,北市DF044,28.53,309006,2776493,台北A285
440,北市DF031,21.46,308283,2762756,台北019
441,北市DF032,91.8,308970,2762576,台北A297
442,北市DF033,115.11,309555,2763849,台北A296
443,北市DF008,195.49,301122,2783120,台北A270
444,北市DF011,72.4,300566,2783448,台北040
445,北市DF016,24.73,302628,2780182,台北A276
446,北市DF009,32.31,300575,2782620,台北A271
447,北市DF010,8.56,300264,2782447,台北A272
448,北市DF012,130.68,300173,2783653,台北039
449,北市DF013,4.3,299277,2782792,台北F96-4
450,北市DF017,33.77,302324,2780832,台北A275
451,北市DF004,41.52,302716,2783155,台北A266
452,北市DF005,45.02,302415,2783344,台北A267
453,北市DF006,12.1,302096,2782921,台北A268
454,北市DF007,35.77,301790,2782390,台北A269
455,北市DF015,20.91,298502,2781755,台北A274
456,北市DF001,9.21,305157,2785206,台北046
457,北市DF002,38.18,304371,2786078,台北045
458,北市DF003,63.05,306462,2785159,台北A265
459,北市DF014,8.82,299001,2782384,台北A273
460,北市DF028,50.66,308626,2768197,台北A293
461,北市DF029,30.07,308851,2768968,台北051
462,北市DF030,5.27,308846,2769255,台北052
463,北市DF026,7.15,307690,2767595,台北A295
464,北市DF027,8.86,307909,2767601,台北A294
465,北市DF036,18.97,312154,2768574,台北050
466,北市DF034,5.71,310070,2770011,台北A289
467,北市DF035,7.2,310006,2769953,台北A290
468,北市DF037,38.12,313925,2769153,台北A291
469,北市DF038,16.87,314166,2769112,台北A292
470,桃市DF018,43.09,281387,2750050,桃縣DF018
471,桃市DF019,43.29,281654,2750476,桃縣DF019
472,桃市DF014,24.42,280259,2746116,桃縣DF014
473,桃市DF015,8.82,279834,2746791,桃縣DF015
474,桃市DF016,3.49,280152,2747400,桃縣DF016
475,桃市DF020,117.78,284292,2750209,桃縣DF020
476,桃市DF021,20.81,285229,2749685,桃縣DF021
477,桃市DF013,28.61,277303,2746391,桃縣DF013
478,桃市DF052,10,276986,2746267,桃縣H103-2
479,桃市DF017,49.59,280856,2749360,桃縣DF017
480,桃市DF011,18.21,282463,2767696,桃縣DF011
481,桃市DF012,5.83,282441,2767866,桃縣DF012
482,桃市DF022,9.53,284579,2747525,桃縣DF022
483,桃市DF023,22.46,284221,2747300,桃縣DF023
484,桃市DF024,30.74,284466,2745509,桃縣DF024
485,桃市DF037,71.41,287370,2728389,桃縣DF037
486,桃市DF038,245.08,288359,2727974,桃縣DF038
487,桃市DF028,32.33,279448,2743196,桃縣DF028
488,桃市DF029,161.92,278856,2741176,桃縣DF029
489,桃市DF027,45.02,283821,2741916,桃縣DF027
490,桃市DF053,31.41,283066,2740825,桃市H104-1
491,桃市DF035,495.51,285003,2732344,桃縣DF035
492,桃市DF036,21.26,287546,2731688,桃縣DF036
493,桃市DF039,70.32,291914,2727845,桃縣DF039
494,桃市DF040,46.57,292674,2727320,桃縣DF040
495,桃市DF041,85.84,293427,2727288,桃縣DF041
496,桃市DF042,52.17,294266,2727224,桃縣DF042
497,桃市DF043,112.31,295058,2727122,桃縣DF043
498,桃市DF044,1161.19,293210,2733818,桃縣DF044
499,桃市DF045,175.39,287863,2739894,桃縣DF045
500,桃市DF046,31.5,287430,2740837,桃縣DF046
501,桃市DF047,32.94,287360,2741376,桃縣DF047
502,桃市DF048,572.89,289504,2740771,桃縣DF048
503,桃市DF049,177.7,289866,2741478,桃縣DF049
504,桃市DF025,10.7,285183,2745217,桃縣DF025
505,桃市DF026,29.51,286034,2744844,桃縣DF026
506,桃市DF050,58.8,287978,2745836,桃縣DF050
507,桃市DF051,67.28,287544,2745487,桃縣DF051
508,桃市DF030,340.54,283584,2739407,桃縣DF030
509,桃市DF031,53.35,284567,2738666,桃縣DF031
510,桃市DF032,100.96,284924,2740389,桃縣DF032
511,桃市DF033,94.16,285898,2741777,桃縣DF033
512,桃市DF034,28.9,287165,2744886,桃縣DF034
513,桃市DF010,31.14,289689,2769113,桃縣DF010
514,桃市DF001,56.32,288034,2764130,桃縣DF001
515,桃市DF009,8.35,290750,2768317,桃縣DF009
516,桃市DF008,21.62,290430,2768288,桃縣DF008
517,桃市DF002,110.14,288549,2766161,桃縣DF002
518,桃市DF003,1.81,288827,2767241,桃縣DF003
519,桃市DF004,4.7,288994,2767399,桃縣DF004
520,桃市DF005,28.06,288897,2768623,桃縣DF005
521,桃市DF006,8.34,289760,2767954,桃縣DF006
522,桃市DF007,77.58,289707,2768269,桃縣DF007
523,竹縣DF036,42.71,261648,2725677,新竹006
524,竹縣DF037,103.68,260272,2725285,新竹A046
525,竹縣DF038,190.13,259633,2724960,新竹007
526,竹縣DF039,273.43,259110,2722615,新竹008
527,竹縣DF040,207.31,259585,2721501,新竹009
528,竹縣DF076,37.09,264220,2723827,竹縣J100-17
529,竹縣DF077,148.52,263360,2723680,竹縣J106-1
530,竹縣DF046,102.49,265085,2725975,新竹A045
531,竹縣DF047,1026.13,267187,2726930,新竹A044
532,竹縣DF048,160.43,265857,2727934,新竹N007
533,竹縣DF049,164.08,264988,2728269,新竹A043
534,竹縣DF041,347.96,259254,2719601,新竹010
535,竹縣DF042,10.49,261376,2719125,新竹新增01
536,竹縣DF043,63.06,261449,2718273,新竹011
537,竹縣DF044,148,258408,2718393,新竹012
538,竹縣DF045,540.04,257898,2716554,新竹013
539,竹縣DF032,16.23,256148,2726318,新竹A048
540,竹縣DF031,11.89,255784,2728625,新竹A047
541,竹縣DF069,2.02,282952,2727123,新竹N003
542,竹縣DF070,13.16,281832,2727857,新竹A040
543,竹縣DF071,724.52,280068,2729882,新竹A041
544,竹縣DF063,21.88,277422,2726271,新竹N004
545,竹縣DF064,29.24,278278,2723538,新竹A042
546,竹縣DF065,19682.57,283948,2713864,新竹N008
547,竹縣DF066,19.01,270730,2730272,新竹A032
548,竹縣DF067,25.68,269762,2729820,新竹A033
549,竹縣DF068,47.55,269191,2729852,新竹A034
550,竹縣DF050,1520.96,278120,2737799,新竹A031
551,竹縣DF051,754.88,278334,2732721,新竹A039
552,竹縣DF073,18.35,271339,2732576,竹縣J100-11
553,竹縣DF074,105.24,269819,2731511,竹縣J100-12
554,竹縣DF075,71.65,266772,2729795,竹縣J100-13
555,竹縣DF052,82.29,273429,2736471,新竹A030
556,竹縣DF053,25.74,272963,2736412,新竹A029
557,竹縣DF054,32.38,271463,2735374,新竹A028
558,竹縣DF055,25.42,270375,2733928,新竹A027
559,竹縣DF056,10.66,272723,2732187,新竹N006
560,竹縣DF057,60.93,276250,2730443,新竹A037
561,竹縣DF058,43.42,274712,2730976,新竹004
562,竹縣DF059,53.25,274883,2729505,新竹A036
563,竹縣DF060,409.51,273638,2728676,新竹A035
564,竹縣DF061,58.83,271928,2729092,新竹T001
565,竹縣DF062,500.59,278001,2729543,新竹A038
566,竹縣DF072,427.12,276260,2731704,竹縣J100-7
567,竹縣DF030,144.1,261466,2726440,新竹A053
568,竹縣DF029,22.94,259750,2731533,新竹A052
569,竹縣DF017,1.84,261756,2737940,新竹A054
570,竹縣DF018,15.84,261413,2737302,新竹A056
571,竹縣DF019,49.98,262314,2739364,新竹A055
572,竹縣DF020,13.76,264813,2738905,新竹A057
573,竹縣DF033,8.91,251896,2728245,新竹A049
574,竹縣DF034,118.72,252137,2726806,新竹A050
575,竹縣DF035,13.55,253440,2725591,新竹A051
576,竹縣DF001,8.61,255041,2746204,新竹A014
577,竹縣DF021,1.89,263391,2735831,新竹A058
578,竹縣DF025,47.22,267214,2732491,新竹005
579,竹縣DF026,35.24,269349,2733177,新竹A062
580,竹縣DF027,9.65,268946,2733493,新竹A061
581,竹縣DF028,140.58,268786,2733987,新竹A060
582,竹縣DF023,47.86,262400,2729979,新竹A064
583,竹縣DF022,23.57,263017,2732572,新竹A063
584,竹縣DF024,20.13,266964,2732980,新竹A059
585,竹縣DF016,27.84,272139,2743159,新竹001
586,竹縣DF002,5.82,266632,2747330,新竹A017
587,竹縣DF003,14.38,265416,2747976,新竹A016
588,竹縣DF004,11.84,265093,2748090,新竹A015
589,竹縣DF008,160.5,273683,2738793,新竹A026
590,竹縣DF009,124.26,272916,2741267,新竹A021
591,竹縣DF010,29.01,272446,2740614,新竹002
592,竹縣DF005,49.31,266236,2742239,新竹A018
593,竹縣DF006,9.93,266907,2742022,新竹A019
594,竹縣DF007,4.49,268024,2738307,新竹A020
595,竹縣DF011,42.25,274454,2738992,新竹003
596,竹縣DF012,191.39,275507,2738554,新竹A025
597,竹縣DF013,350.38,277786,2740226,新竹A024
598,竹縣DF014,12.58,275627,2741641,新竹A023
599,竹縣DF015,17.67,273864,2741329,新竹A022
600,苗縣DF002,155.93,246629,2720570,苗栗A001
601,苗縣DF046,76.76,240560,2700361,苗栗A011
602,苗縣DF047,142.31,241311,2701351,苗栗017
603,苗縣DF048,133.6,241097,2702050,苗栗016
604,苗縣DF045,353.38,238080,2699888,苗栗A021
605,苗縣DF079,77.4,234804,2701705,苗縣K102-2
606,苗縣DF043,80.37,235473,2696777,苗栗A014
607,苗縣DF044,107.87,237281,2696538,苗栗A013
608,苗縣DF037,407.68,235025,2700441,苗栗A020
609,苗縣DF051,47.09,239774,2703759,苗栗A009
610,苗縣DF038,59.01,235069,2699011,苗栗A019
611,苗縣DF039,178.85,234199,2698830,苗栗A018
612,苗縣DF040,174.6,233605,2698071,苗栗A017
613,苗縣DF041,495.39,239112,2696446,苗栗A015
614,苗縣DF042,407.72,238635,2697988,苗栗A016
615,苗縣DF049,102.81,239879,2702988,苗栗A010
616,苗縣DF050,53.34,238829,2703234,苗栗015
617,苗縣DF022,339.64,235887,2709429,苗栗033
618,苗縣DF025,249.6,234935,2704413,苗栗A024
619,苗縣DF023,4.7,234373,2706938,苗栗A030
620,苗縣DF024,159.51,236341,2707956,苗栗A026
621,苗縣DF001,2.36,238131,2735929,苗栗N007
622,苗縣DF053,36.31,235035,2689873,苗栗A036
623,苗縣DF057,46.69,240057,2688559,苗栗027
624,苗縣DF058,144.08,240724,2688956,苗栗026
625,苗縣DF052,64.64,234073,2690253,苗栗A028
626,苗縣DF054,39.22,238632,2689885,苗栗028
627,苗縣DF055,204.53,239714,2689788,苗栗A037
628,苗縣DF056,278.57,239163,2691431,苗栗A027
629,苗縣DF005,63.12,248491,2721238,苗栗005
630,苗縣DF016,12.22,254598,2718238,苗栗N012
631,苗縣DF017,383.84,253984,2723092,苗栗002
632,苗縣DF006,7.92,250544,2720535,苗栗004
633,苗縣DF007,73.01,250436,2719884,苗栗N017
634,苗縣DF008,202.36,250847,2719028,苗栗N018
635,苗縣DF009,774.16,250948,2717376,苗栗N019
636,苗縣DF010,86.46,247463,2718388,苗栗006
637,苗縣DF011,251.82,252305,2719356,苗栗003
638,苗縣DF004,151.1,248855,2724294,苗栗001
639,苗縣DF003,2.77,250503,2725847,苗栗A029
640,苗縣DF012,50.92,247095,2717257,苗栗007
641,苗縣DF013,62.81,246495,2716472,苗栗008
642,苗縣DF014,232.09,248769,2715136,苗栗009
643,苗縣DF015,26.11,245671,2714441,苗栗010
644,苗縣DF080,364.65,247234,2712095,苗縣K105-2
645,苗縣DF036,110.89,221710,2695778,苗栗029
646,苗縣DF059,1146.96,244770,2709256,苗栗A003
647,苗縣DF069,80.43,241088,2690940,苗栗025
648,苗縣DF070,218.36,241357,2694125,苗栗024
649,苗縣DF071,81.94,242082,2693965,苗栗023
650,苗縣DF072,194.02,242698,2694538,苗栗022
651,苗縣DF068,287.26,241960,2697052,苗栗A012
652,苗縣DF077,296.32,244309,2699110,苗縣K100-25
653,苗縣DF078,19.21,248193,2699957,苗縣K100-23
654,苗縣DF065,74.73,240719,2703752,苗栗014
655,苗縣DF066,417.85,244119,2704036,苗栗A006
656,苗縣DF067,603.77,243855,2702569,苗栗A007
657,苗縣DF073,152.81,243388,2695697,苗栗021
658,苗縣DF074,459.43,246775,2693405,苗栗020
659,苗縣DF075,44.89,247534,2695719,苗栗019
660,苗縣DF076,117.55,244974,2697380,苗栗018
661,苗縣DF060,78.85,244273,2708279,苗栗011
662,苗縣DF061,62.89,243014,2705680,苗栗A005
663,苗縣DF062,116.48,242284,2705550,苗栗013
664,苗縣DF063,977.05,247699,2704571,苗栗012
665,苗縣DF064,3206.86,251906,2707935,苗栗A002
666,苗縣DF033,67.7,223600,2705927,苗栗032
667,苗縣DF034,75.68,223534,2702135,苗栗031
668,苗縣DF035,63.82,224387,2700444,苗栗030
669,苗縣DF019,148.88,237065,2707865,苗栗A025
670,苗縣DF020,185.25,239537,2706125,苗栗A008
671,苗縣DF018,15.91,238238,2709741,苗栗T001
672,苗縣DF021,268.24,241202,2708701,苗栗A004
673,苗縣DF032,338.85,232776,2702879,苗栗A023
674,苗縣DF031,401.61,232183,2699588,苗栗A022
675,苗縣DF027,21.73,228699,2705068,苗栗A032
676,苗縣DF028,166.29,226163,2703965,苗栗A035
677,苗縣DF029,25.58,228226,2704243,苗栗A033
678,苗縣DF030,16.66,228028,2703206,苗栗A034
679,苗縣DF026,27.69,229984,2706353,苗栗A031
680,中市DF089,117.61,227378,2672828,中縣DF086
681,中市DF090,73.63,225371,2671886,中縣DF087
682,中市DF092,86.23,223740,2666630,中縣DF089
683,中市DF094,30.91,232116,2663180,中縣DF091
684,中市DF095,49.39,231665,2664446,中縣DF092
685,中市DF096,264.67,231547,2665395,中縣DF093
686,中市DF093,98.25,223589,2665760,中縣DF090
687,中市DF091,57.49,224000,2667340,中縣DF088
688,中市DF097,29.24,230232,2670953,中縣DF094
689,中市DF001,18.25,227269,2677405,台中A039
690,中市DF002,56.82,228108,2676244,台中A041
691,中市DF003,90.63,228402,2676240,台中A040
692,中市DF078,17.88,211699,2691027,中縣DF075
693,中市DF079,4.27,212207,2690652,中縣DF076
694,中市DF019,31.22,241560,2674576,中縣DF016
695,中市DF020,2019,244976,2678374,中縣DF017
696,中市DF021,76.41,242796,2673494,中縣DF018
697,中市DF022,71.8,244515,2674382,中縣DF019
698,中市DF105,2334.86,242218,2678903,中市L100-18
699,中市DF037,143.96,279959,2694140,中縣DF034
700,中市DF038,2103.99,277469,2696354,中縣DF035
701,中市DF010,2674.68,245993,2684615,中縣DF007
702,中市DF011,1273.59,245676,2683750,中縣DF008
703,中市DF012,29.87,241625,2687126,中縣DF009
704,中市DF013,17.74,241316,2687178,中縣DF010
705,中市DF014,672.21,241739,2685081,中縣DF011
706,中市DF015,59.71,239617,2684730,中縣DF012
707,中市DF016,422.78,240692,2683653,中縣DF013
708,中市DF104,312.46,245478,2688148,中市L100-11
709,中市DF017,43.05,237352,2674672,中縣DF014
710,中市DF018,193.4,239300,2675338,中縣DF015
711,中市DF107,161.66,238549,2676856,中市B102-1
712,中市DF099,41.78,267233,2682108,中縣DF096
713,中市DF100,9.79,266887,2682333,中縣DF097
714,中市DF101,741.76,266041,2680831,中縣DF098
715,中市DF110,198.87,274003,2680513,中市B107-1
716,中市DF023,164.19,243898,2672344,中縣DF020
717,中市DF024,2033.93,247552,2670845,中縣DF021
718,中市DF025,92.13,246311,2674933,中縣DF022
719,中市DF026,757.74,249360,2672362,中縣DF023
720,中市DF027,46.95,248344,2674008,中縣DF024
721,中市DF028,336.27,249755,2673498,中縣DF025
722,中市DF029,379.54,248203,2678516,中縣DF026
723,中市DF030,2920.32,254735,2674403,中縣DF027
724,中市DF031,99.04,252837,2677572,中縣DF028
725,中市DF032,150.03,254099,2677615,中縣DF029
726,中市DF033,920.29,257447,2678168,中縣DF030
727,中市DF034,42.27,257480,2679877,中縣DF031
728,中市DF035,55.37,256963,2679814,中縣DF032
729,中市DF036,340.77,258284,2679225,中縣DF033
730,中市DF106,276.84,247084,2676807,中市L100-12
731,中市DF004,8.53,244543,2691848,中縣DF001
732,中市DF005,10.94,244109,2692318,中縣DF002
733,中市DF006,54.91,242987,2690975,中縣DF003
734,中市DF007,75.23,243015,2690396,中縣DF004
735,中市DF008,5.01,242591,2689738,中縣DF005
736,中市DF009,372.47,243911,2689766,中縣DF006
737,中市DF048,15.58,234398,2679148,中縣DF045
738,中市DF040,1.08,227803,2689218,中縣DF037
739,中市DF042,162.46,234468,2684835,中縣DF039
740,中市DF039,44.34,231247,2687951,中縣DF036
741,中市DF043,43.7,233933,2683924,中縣DF040
742,中市DF041,201.73,227085,2687568,中縣DF038
743,中市DF044,205.64,234901,2680071,中縣DF041
744,中市DF045,160,238788,2682040,中縣DF042
745,中市DF046,14.03,237374,2681883,中縣DF043
746,中市DF047,67.75,236101,2682168,中縣DF044
747,中市DF103,331.13,239293,2681417,中市L100-19
748,中市DF108,88.44,238814,2678214,中市B105-2
749,中市DF049,7.19,234126,2678037,中縣DF046
750,中市DF050,16.06,234229,2675323,中縣DF047
751,中市DF051,11.31,234248,2675054,中縣DF048
752,中市DF052,172.69,234963,2674472,中縣DF049
753,中市DF053,57.33,234739,2673928,中縣DF050
754,中市DF054,19.01,235781,2673580,中縣DF051
755,中市DF055,19.32,234931,2675344,中縣DF052
756,中市DF056,68.25,235849,2675270,中縣DF053
757,中市DF057,393.44,236360,2676544,中縣DF054
758,中市DF080,52.18,208598,2684774,中縣DF077
759,中市DF064,43.2,231760,2673868,中縣DF061
760,中市DF065,71.28,231723,2673113,中縣DF062
761,中市DF066,63.36,232169,2671772,中縣DF063
762,中市DF067,45.87,232760,2671546,中縣DF064
763,中市DF068,22.88,234314,2669106,中縣DF065
764,中市DF069,70.38,235214,2669944,中縣DF066
765,中市DF071,24.94,232939,2673009,中縣DF068
766,中市DF059,81.4,230533,2674568,中縣DF056
767,中市DF060,37.8,230742,2674889,中縣DF057
768,中市DF061,2.52,230546,2672183,中縣DF058
769,中市DF062,3.94,230817,2671746,中縣DF059
770,中市DF063,158.45,231020,2671042,中縣DF060
771,中市DF102,21.3,230369,2674057,中市B100-5
772,中市DF109,13.83,230520,2672940,中市B105-3
773,中市DF058,171.84,227303,2681079,中縣DF055
774,中市DF070,10.28,234781,2672085,中縣DF067
775,中市DF072,440.46,238597,2671815,中縣DF069
776,中市DF073,28.54,237492,2672522,中縣DF070
777,中市DF074,7.18,236315,2672256,中縣DF071
778,中市DF075,26.05,236124,2671772,中縣DF072
779,中市DF076,16.08,235920,2671714,中縣DF073
780,中市DF077,15.84,235270,2671929,中縣DF074
781,中市DF098,56.6,222870,2677094,中縣DF095
782,中市DF083,141.17,221578,2662360,中縣DF080
783,中市DF087,79.51,221213,2658755,中縣DF084
784,中市DF088,21.87,221892,2658543,中縣DF085
785,中市DF081,92.84,223524,2663158,中縣DF078
786,中市DF082,12.2,222471,2663771,中縣DF079
787,中市DF084,70.23,220405,2661871,中縣DF081
788,中市DF085,133.67,220036,2658176,中縣DF082
789,中市DF086,307.16,224656,2656927,中縣DF083
790,投縣DF124,41.06,231352,2644466,南投A072
791,投縣DF125,18.82,231235,2645658,南投A073
792,投縣DF254,163.29,233000,2644910,投縣M105-15
793,投縣DF209,215.47,232046,2650964,投縣M98-09
794,投縣DF210,303.48,231465,2648661,投縣M98-10、投縣M98-10-1
795,投縣DF122,47,231823,2641169,南投A070
796,投縣DF123,89.86,231444,2642815,南投A071
797,投縣DF121,185.51,228316,2646454,南投A074
798,投縣DF005,269.61,248392,2665758,南投061
799,投縣DF006,38.38,246866,2661660,南投059
800,投縣DF007,26.29,246265,2661530,南投058
801,投縣DF008,91.72,245593,2663019,南投A022
802,投縣DF009,9.41,245193,2661776,南投A106
803,投縣DF026,221.28,253319,2645190,南投T001、投縣M107-2
804,投縣DF027,91.3,253540,2645888,南投019
805,投縣DF028,154.2,255959,2644408,南投A014
806,投縣DF029,187.29,253759,2646611,南投018
807,投縣DF010,943.31,261283,2659059,南投A001
808,投縣DF011,58.63,259952,2655187,南投003
809,投縣DF012,1738.95,257581,2658345,南投A002
810,投縣DF013,115.48,259439,2654569,南投004
811,投縣DF014,166.13,257585,2656680,南投006
812,投縣DF015,11.47,257704,2655464,南投A003
813,投縣DF016,189.44,258739,2653737,南投005
814,投縣DF017,29.81,257994,2653956,南投A004
815,投縣DF018,8.57,257135,2654165,南投A005
816,投縣DF019,262.62,256788,2653892,南投A006
817,投縣DF030,54.64,266080,2658735,南投002
818,投縣DF242,550.33,266547,2673889,投縣M100-82
819,投縣DF001,166.17,252161,2662963,南投064
820,投縣DF002,137.57,251622,2663041,南投063
821,投縣DF003,38.57,250700,2663266,南投062
822,投縣DF004,30.07,248469,2662523,南投060
823,投縣DF024,686.52,258942,2645666,南投A013
824,投縣DF025,45.63,258944,2648894,南投014
825,投縣DF244,46.28,258085,2647720,投縣M100-87
826,投縣DF248,4.82,258580,2649562,投縣M101-1
827,投縣DF031,5178.98,274072,2658029,南投001
828,投縣DF020,87.18,262349,2653032,南投008
829,投縣DF021,8.18,260896,2651257,南投新增01
830,投縣DF022,22.19,260519,2651189,南投新增01-2
831,投縣DF023,66.62,257614,2651976,南投011
832,投縣DF164,19.02,235821,2624785,南投N019
833,投縣DF165,340.36,237161,2624831,南投071
834,投縣DF217,23.28,235547,2624606,南投N019-1
835,投縣DF257,30.33,235781,2624092,投縣M105-18
836,投縣DF215,12.22,235265,2636096,投縣M98-11
837,投縣DF173,276.76,239611,2632914,南投A086
838,投縣DF174,133.02,241036,2633650,南投A085
839,投縣DF175,783.09,242128,2634986,南投A084
840,投縣DF159,345.65,231721,2631765,南投A092
841,投縣DF216,191.04,233029,2632125,投縣M98-13、投縣M98-14
842,投縣DF077,28.49,237264,2638928,南投052
843,投縣DF153,139.57,235283,2639827,南投053
844,投縣DF154,216.48,235053,2638512,南投051
845,投縣DF155,43.79,234932,2637474,南投050
846,投縣DF156,30.88,235266,2636935,南投A089
847,投縣DF255,22.09,235318,2637746,投縣M105-8
848,投縣DF166,58.07,237280,2625645,南投070
849,投縣DF167,68.82,237307,2626313,南投069
850,投縣DF168,71.71,236824,2627452,南投A087
851,投縣DF171,36.25,238151,2631970,南投A116
852,投縣DF172,4.28,239495,2632216,南投A115
853,投縣DF238,19.21,239254,2632408,投縣M100-92
854,投縣DF169,133.44,237098,2628512,南投068
855,投縣DF170,84.73,237150,2629186,南投025
856,投縣DF157,150.01,234413,2636169,南投A090
857,投縣DF158,54.28,233522,2636229,南投A091
858,投縣DF150,47.31,235963,2642884,南投056
859,投縣DF151,80.81,236073,2642371,南投055
860,投縣DF152,73.55,235849,2640094,南投A114
861,投縣DF176,357.49,236717,2633776,南投A088
862,投縣DF160,293.34,233980,2629739,南投065
863,投縣DF161,11.59,235025,2629174,南投A117
864,投縣DF162,187.26,234182,2628733,南投066
865,投縣DF163,110.24,234131,2627856,南投067
866,投縣DF256,37.3,233309,2623779,投縣M105-21
867,投縣DF126,6.78,220732,2639671,南投A099
868,投縣DF211,12.41,221618,2641921,投縣M98-12
869,投縣DF128,217.27,224232,2632799,南投A098
870,投縣DF131,9.73,219898,2624099,南投A105
871,投縣DF258,5.46,220013,2625675,投縣M105-13
872,投縣DF129,320.59,222293,2631333,南投A097
873,投縣DF130,9.2,221231,2630297,南投A095
874,投縣DF259,27.65,214209,2614431,投縣M105-10
875,投縣DF260,52.07,216166,2613267,投縣M105-9
876,投縣DF132,8888.4,223945,2615541,南投A123
877,投縣DF133,20.71,216056,2617236,南投041
878,投縣DF184,29.72,241523,2630502,南投A119
879,投縣DF237,373.38,242692,2629658,投縣M100-95
880,投縣DF201,250.98,240646,2603899,南投035
881,投縣DF202,435.83,238387,2605361,南投036
882,投縣DF203,117.36,238760,2606956,南投074
883,投縣DF228,70.74,237385,2604846,投縣M99-19
884,投縣DF229,65.62,237684,2609803,投縣M99-21
885,投縣DF235,47.32,238939,2607922,投縣M100-15
886,投縣DF181,72.07,245175,2632917,南投023
887,投縣DF192,2196.69,232475,2616890,南投072
888,投縣DF220,19.73,235427,2619152,投縣M99-26
889,投縣DF234,157.13,234920,2615990,投縣M100-99
890,投縣DF185,3132.66,239720,2621528,南投026、投縣M105-17
891,投縣DF186,34.92,235553,2622539,南投A120
892,投縣DF187,45.08,235572,2622036,南投A121
893,投縣DF188,333.07,237906,2620625,南投027
894,投縣DF262,25.33,235841,2621346,投縣M105-20
895,投縣DF204,715.9,244041,2607975,南投034
896,投縣DF205,55.65,242780,2607500,南投033
897,投縣DF206,80.58,242209,2607908,南投A122
898,投縣DF207,540.55,242420,2609208,南投032
899,投縣DF208,168.43,240750,2609823,南投031
900,投縣DF194,164.57,236219,2608432,南投040
901,投縣DF195,51.75,236019,2607551,南投039
902,投縣DF196,311.46,234948,2607360,南投038
903,投縣DF197,71.14,235664,2606412,南投A100
904,投縣DF198,213.36,234802,2606256,南投037
905,投縣DF199,846.33,237356,2600418,南投076
906,投縣DF200,658.66,237910,2603115,南投075
907,投縣DF224,8.23,236074,2603039,投縣M99-35
908,投縣DF225,16.3,234471,2603057,投縣M99-34
909,投縣DF226,375.34,233394,2601856,投縣M99-3
910,投縣DF227,2603.5,235533,2599444,投縣M99-3
911,投縣DF223,300.16,237172,2612885,投縣M99-1
912,投縣DF236,50.54,239704,2614958,投縣M100-11
913,投縣DF177,100.74,243989,2636911,南投A081
914,投縣DF178,399.69,245249,2636579,南投022
915,投縣DF179,39.21,244503,2634727,南投A082
916,投縣DF180,7.39,244311,2634529,南投A118
917,投縣DF189,187.64,238111,2619883,南投028
918,投縣DF190,160.81,238700,2618891,南投029
919,投縣DF191,179.81,239140,2618114,南投030
920,投縣DF219,28.06,237673,2619209,投縣M99-22
921,投縣DF182,114.69,244136,2630571,南投A083
922,投縣DF183,26.11,243073,2630819,南投024
923,投縣DF218,1630.49,245025,2627786,南投M98-10
924,投縣DF193,1494.41,234707,2612802,南投073
925,投縣DF221,25.48,237473,2614673,投縣M99-47
926,投縣DF222,4.86,238010,2614416,投縣M99-52
927,投縣DF053,116.67,250543,2648633,南投016
928,投縣DF072,49.26,249989,2654086,南投010
929,投縣DF073,36.46,250578,2653649,南投A112
930,投縣DF040,83.18,240264,2651080,南投A042
931,投縣DF041,35.75,240377,2650678,南投A043
932,投縣DF042,71.9,240032,2650295,南投A044
933,投縣DF043,420.41,240099,2648520,南投A045
934,投縣DF044,81.01,238359,2650067,南投A046
935,投縣DF054,19.81,249926,2648945,南投A015
936,投縣DF055,5.98,249541,2649144,南投A016
937,投縣DF056,2.46,248617,2651621,南投A020-1
938,投縣DF057,10.35,249180,2649723,南投A017
939,投縣DF058,8.31,249050,2649858,南投A018
940,投縣DF059,16.72,248786,2650619,南投A019
941,投縣DF060,9.07,248745,2651214,南投A020
942,投縣DF032,19.43,241122,2652316,南投A040
943,投縣DF033,22.27,241745,2652096,南投A039
944,投縣DF034,44.71,241853,2651800,南投A038
945,投縣DF035,90.95,242171,2651175,南投A037
946,投縣DF036,105.33,243110,2650584,南投A035
947,投縣DF250,56.48,241215,2651870,投縣M105-4
948,投縣DF037,216.24,241811,2649422,南投A036
949,投縣DF038,99.53,243991,2648074,南投A034
950,投縣DF039,34.72,240878,2649748,南投A041
951,投縣DF061,40.53,250741,2650343,南投013
952,投縣DF062,75.8,250702,2649610,南投015
953,投縣DF063,2.91,249443,2650989,南投A113
954,投縣DF064,1.92,250043,2652434,南投A012
955,投縣DF065,54.77,252231,2652767,南投012
956,投縣DF066,19.82,252467,2653344,南投A011
957,投縣DF067,8.95,252422,2653568,南投A010
958,投縣DF068,14.5,252726,2653544,南投A009
959,投縣DF069,281.74,253813,2653266,南投A008
960,投縣DF070,1.77,253881,2654430,南投A007
961,投縣DF071,397.67,255138,2653216,南投009
962,投縣DF239,377.04,254284,2651315,投縣M100-90
963,投縣DF240,109.66,252727,2651974,投縣M100-89
964,投縣DF241,339.69,252089,2649910,投縣M100-88
965,投縣DF243,701.6,254257,2657066,投縣M100-84
966,投縣DF074,173.17,249752,2656473,南投007
967,投縣DF075,108.22,247963,2657862,南投A021
968,投縣DF045,20.49,249080,2645632,南投A027
969,投縣DF046,10.47,248478,2646240,南投A028
970,投縣DF047,24.89,248907,2646259,南投A029
971,投縣DF048,5.54,249088,2646498,南投A030
972,投縣DF049,4.73,249274,2646560,南投A031
973,投縣DF050,214.76,251239,2644088,南投T002
974,投縣DF051,198.19,251444,2645504,南投020
975,投縣DF052,434.72,251504,2647617,南投017
976,投縣DF116,7.82,226297,2654820,南投A079
977,投縣DF246,58.84,225910,2655081,投縣M100-47
978,投縣DF117,13.22,227682,2652296,南投A078
979,投縣DF118,6.77,227838,2652626,南投A077
980,投縣DF119,604.67,232126,2652857,南投A076
981,投縣DF120,29.51,231213,2654377,南投A075
982,投縣DF247,25.62,228995,2655211,投縣M100-51
983,投縣DF249,144.56,236732,2655065,投縣M102-4
984,投縣DF088,190.43,233199,2662089,南投A056
985,投縣DF089,20.23,234175,2659826,南投A057
986,投縣DF090,8.54,237454,2660672,南投A047
987,投縣DF108,22.84,243981,2661248,南投N056
988,投縣DF109,60.88,239403,2662198,南投A109
989,投縣DF110,50.84,240164,2662255,南投A108
990,投縣DF111,61.27,241085,2660108,南投A024
991,投縣DF112,38.65,241733,2660946,南投A107
992,投縣DF113,857.4,241522,2664572,南投A023、投縣M106-3
993,投縣DF245,6.46,243101,2662381,投縣M100-61
994,投縣DF084,22.63,236269,2662725,南投A048
995,投縣DF085,48.76,235145,2663196,南投A049
996,投縣DF114,443.83,239858,2664732,南投A026
997,投縣DF115,147.06,240173,2666247,南投A025
998,投縣DF086,51.81,234763,2665180,南投A050
999,投縣DF087,12.67,233028,2666467,南投A051
1000,投縣DF251,182.47,236201,2666893,投縣M105-1
1001,投縣DF101,993.46,234388,2648029,南投A069
1002,投縣DF102,109.8,235565,2646837,南投A066
1003,投縣DF103,96.2,235618,2647663,南投A067
1004,投縣DF104,41.78,235651,2646103,南投A065
1005,投縣DF105,100.06,235441,2645755,南投A064
1006,投縣DF106,158.91,236060,2644579,南投A063
1007,投縣DF107,11.32,236919,2649216,南投A068
1008,投縣DF231,63.94,234525,2645054,投縣M100-65
1009,投縣DF100,22.09,234296,2654404,南投A060
1010,投縣DF091,61.64,232329,2662321,南投A052
1011,投縣DF092,41.9,231934,2661479,南投A053
1012,投縣DF093,242.19,232854,2659408,南投A058
1013,投縣DF094,60.97,232086,2658832,南投A059
1014,投縣DF095,6.95,231767,2658475,南投A110
1015,投縣DF096,93.79,231413,2659843,南投057
1016,投縣DF097,22.54,231127,2660211,南投A054
1017,投縣DF098,54.82,229914,2659858,南投A055
1018,投縣DF099,13.33,230133,2659248,南投A111
1019,投縣DF252,24.85,231507,2658636,投縣M105-7
1020,投縣DF253,16.3,229881,2658544,投縣M105-6
1021,投縣DF230,137,232124,2655137,投縣M100-71
1022,投縣DF081,247.18,245748,2638154,南投021
1023,投縣DF076,40.07,237214,2644369,南投A062
1024,投縣DF078,23.59,237187,2643940,南投A061
1025,投縣DF079,33.97,237624,2640486,南投054
1026,投縣DF080,129.7,243943,2637773,南投A080
1027,投縣DF082,47.08,247633,2641367,南投A032
1028,投縣DF083,56.88,244168,2647171,南投A033
1029,投縣DF139,201.27,228036,2618029,南投A104
1030,投縣DF140,44.57,228703,2617827,南投A103
1031,投縣DF141,304.89,229566,2617507,南投A102
1032,投縣DF142,33.41,229886,2618410,南投A101
1033,投縣DF143,55.06,229529,2620488,南投042
1034,投縣DF144,105.34,229091,2621018,南投044
1035,投縣DF145,121.71,228795,2621768,南投046
1036,投縣DF146,172.57,228628,2622747,南投048
1037,投縣DF147,241.79,228353,2623938,南投049
1038,投縣DF233,70.91,229802,2618877,投縣M100-73
1039,投縣DF261,22.11,229553,2619940,投縣M105-14
1040,投縣DF149,75.92,227889,2627431,南投A094
1041,投縣DF135,79.59,225828,2622682,南投047
1042,投縣DF134,34.57,223038,2630485,南投A096
1043,投縣DF136,17.09,226685,2622257,南投N015
1044,投縣DF137,208.63,226911,2619670,南投045
1045,投縣DF138,47.91,228083,2619965,南投043
1046,投縣DF212,26.21,226538,2621839,南投N015-1
1047,投縣DF213,37.32,226661,2621690,南投N015-2
1048,投縣DF232,229.43,230233,2632451,投縣M100-77
1049,投縣DF148,1.32,231496,2623785,南投N010
1050,投縣DF214,50.19,230963,2623260,南投N010-1
1051,投縣DF127,557.35,232063,2637653,南投A093
1052,彰縣DF001,26.52,213388,2634238,彰化A003
1053,彰縣DF002,63.69,213848,2634083,彰化A002
1054,彰縣DF004,58.35,215577,2634256,彰化A001
1055,彰縣DF005,6.47,216189,2634548,彰化002
1056,彰縣DF008,26.43,215048,2633600,彰縣N102-3
1057,彰縣DF003,40.62,214440,2633674,彰化003
1058,彰縣DF006,86.12,210544,2640562,彰化A004
1059,彰縣DF009,23.68,210412,2637903,彰縣N102-1
1060,彰縣DF007,25.46,211514,2642966,彰化001
1061,雲縣DF003,140.4,210927,2610767,雲林002
1062,雲縣DF013,8.76,209899,2611045,雲縣P106-2
1063,雲縣DF005,120.46,218238,2609220,雲林A003
1064,雲縣DF006,1008.61,220633,2611161,雲林A005
1065,雲縣DF007,397.22,221508,2609506,雲林A001
1066,雲縣DF008,40.38,220168,2612107,雲林A002
1067,雲縣DF009,423.52,219305,2612670,雲林001
1068,雲縣DF010,6.08,218923,2610528,雲縣P99-1
1069,雲縣DF011,9.44,218257,2610809,雲縣P100-6
1070,雲縣DF012,12.42,217346,2609989,雲縣P100-7
1071,雲縣DF001,29.29,210343,2609183,雲林004
1072,雲縣DF002,143.8,210556,2609782,雲林003
1073,雲縣DF004,83.63,212675,2611683,雲林A004
1074,嘉縣DF054,244.65,209762,2576686,嘉縣Q98-13
1075,嘉縣DF038,1227.83,206707,2581702,嘉義A016
1076,嘉縣DF071,15.71,209991,2578069,嘉縣Q100-70
1077,嘉縣DF053,218.76,210483,2570336,嘉縣Q98-14
1078,嘉縣DF083,30.13,210471,2569706,嘉縣Q106-3
1079,嘉縣DF084,50.26,211518,2572362,嘉縣Q106-5
1080,嘉縣DF085,43.22,211967,2572373,嘉縣Q106-4
1081,嘉縣DF050,325.4,206860,2585481,嘉縣Q98-05
1082,嘉縣DF051,187.83,205753,2584933,嘉縣Q98-11
1083,嘉縣DF036,275.5,207912,2586347,嘉義A015
1084,嘉縣DF037,96.55,208262,2588634,嘉義013
1085,嘉縣DF035,469.11,201900,2581260,台南R97-8
1086,嘉縣DF049,60.92,204277,2582942,嘉縣Q98-04
1087,嘉縣DF070,20.41,203155,2584555,嘉縣Q100-69
1088,嘉縣DF052,27.52,203805,2587629,嘉縣Q98-16
1089,嘉縣DF064,40.11,219662,2600487,嘉縣Q100-61
1090,嘉縣DF065,12.64,219092,2600647,嘉縣Q100-67
1091,嘉縣DF066,12.47,218455,2600535,嘉縣Q100-68
1092,嘉縣DF009,103.99,209430,2599884,嘉義A018
1093,嘉縣DF010,34.66,208695,2600793,嘉義A021
1094,嘉縣DF018,87.46,213596,2598129,嘉義007
1095,嘉縣DF019,41.6,214056,2598390,嘉義A012
1096,嘉縣DF020,53.55,214379,2599059,嘉義A011
1097,嘉縣DF021,102.94,215098,2599314,嘉義A010
1098,嘉縣DF022,8.37,215182,2598824,嘉義A009
1099,嘉縣DF023,772.73,215223,2598374,嘉義A008
1100,嘉縣DF024,46.38,214410,2596374,嘉義008
1101,嘉縣DF025,19.78,216160,2597110,嘉義009
1102,嘉縣DF026,203.18,217800,2599097,嘉義A007
1103,嘉縣DF067,4.72,216449,2597781,嘉縣Q100-64
1104,嘉縣DF014,110.14,208415,2596291,嘉義A024
1105,嘉縣DF016,57.74,209818,2596814,嘉義A026
1106,嘉縣DF017,458.33,209922,2598398,嘉義A022、嘉縣Q106-8
1107,嘉縣DF082,20.63,207796,2603577,嘉縣Q106-9
1108,嘉縣DF015,89.42,208274,2598990,嘉義A023
1109,嘉縣DF011,11.1,209354,2602700,嘉義A019
1110,嘉縣DF012,81.22,208705,2603243,嘉義A020
1111,嘉縣DF013,118.61,208343,2603428,嘉義014
1112,嘉縣DF081,9.8,209571,2604989,嘉縣Q106-1
1113,嘉縣DF080,25.88,225507,2598865,嘉縣Q100-26
1114,嘉縣DF057,15.98,216346,2586970,嘉縣Q98-09
1115,嘉縣DF076,32.37,215880,2587935,嘉縣Q100-41
1116,嘉縣DF077,26.66,217219,2585746,嘉縣Q100-38
1117,嘉縣DF046,114.49,222312,2587812,嘉義A006
1118,嘉縣DF042,107.25,222407,2602284,嘉義003
1119,嘉縣DF043,295.58,224489,2600431,嘉義A002
1120,嘉縣DF055,2.26,223938,2603076,嘉縣Q98-12
1121,嘉縣DF072,50.8,224044,2603266,嘉縣Q100-22
1122,嘉縣DF073,233.01,224995,2602425,嘉縣Q100-23
1123,嘉縣DF062,149.72,217530,2578473,嘉縣Q98-21
1124,嘉縣DF078,76.58,218310,2582962,嘉縣Q100-46
1125,嘉縣DF079,22.52,217024,2581389,嘉縣Q100-47
1126,嘉縣DF045,146.88,224786,2593551,嘉義A004
1127,嘉縣DF058,298.29,223966,2592377,嘉縣Q98-10
1128,嘉縣DF086,33.07,221814,2592190,嘉縣Q106-14
1129,嘉縣DF087,1184.28,228612,2595565,嘉縣Q106-12
1130,嘉縣DF044,274.4,219634,2595416,嘉義A005
1131,嘉縣DF056,141.99,218895,2595133,嘉縣Q98-08
1132,嘉縣DF074,8.48,220668,2597822,嘉縣Q100-32
1133,嘉縣DF075,350.84,220921,2592173,嘉縣Q100-33
1134,嘉縣DF039,950.93,224212,2609993,嘉義001、嘉縣Q106-11
1135,嘉縣DF040,3947.56,229378,2607344,嘉義A001
1136,嘉縣DF041,600.03,226266,2605227,嘉義002
1137,嘉縣DF008,1145.08,220672,2602238,嘉義A003
1138,嘉縣DF047,8.29,221626,2605735,嘉縣Q98-17
1139,嘉縣DF048,3.41,221672,2605874,嘉縣Q98-17-1
1140,嘉縣DF063,27.54,219884,2604278,嘉縣Q100-18
1141,嘉縣DF002,150.92,208795,2607587,嘉義015
1142,嘉縣DF007,410.02,206519,2606136,嘉義Q98-10
1143,嘉縣DF003,201.73,216677,2601583,嘉義006
1144,嘉縣DF004,238.3,217864,2602238,嘉義005
1145,嘉縣DF005,122.6,217901,2603003,嘉義004
1146,嘉縣DF006,43.18,217742,2604166,嘉義A028
1147,嘉縣DF061,12.34,217200,2604349,嘉縣Q99-1
1148,嘉縣DF059,35.82,219733,2605279,嘉縣Q98-18
1149,嘉縣DF060,7.84,218001,2605225,嘉縣Q98-19
1150,嘉縣DF001,219.76,212192,2608407,嘉義A017
1151,嘉縣DF028,402.53,203633,2597000,嘉義A025
1152,嘉縣DF027,32.82,212293,2596962,嘉義A013
1153,嘉縣DF068,25.28,211600,2598610,嘉縣Q100-59
1154,嘉縣DF034,16.01,215341,2593985,嘉義N001
1155,嘉縣DF030,1336.82,211635,2590172,嘉義012
1156,嘉縣DF031,26.74,213864,2591653,嘉義A027
1157,嘉縣DF032,129.66,214017,2592217,嘉義011
1158,嘉縣DF033,24.04,213341,2592839,嘉義010
1159,嘉縣DF029,22.49,209463,2593531,嘉義A014
1160,嘉縣DF069,67.92,208977,2592172,嘉縣Q100-11
1161,南市DF028,6.91,195717,2568380,南縣DF028
1162,南市DF036,1.94,193389,2562169,南縣DF036
1163,南市DF003,1.32,195112,2581211,南縣DF003
1164,南市DF004,1.57,195046,2581199,南縣DF004
1165,南市DF005,1.19,194992,2581048,南縣DF005
1166,南市DF006,3.05,196342,2578658,南縣DF006
1167,南市DF001,48.03,198050,2581643,南縣DF001
1168,南市DF002,20.35,197301,2581650,南縣DF002
1169,南市DF007,9.03,199041,2578486,南縣DF007
1170,南市DF008,161.65,200141,2578019,南縣DF008
1171,南市DF009,344.97,200780,2580435,南縣DF009
1172,南市DF010,2.82,199567,2581773,南縣DF010
1173,南市DF011,38.93,200548,2581951,南縣DF011
1174,南市DF026,13.73,200825,2574902,南縣DF026
1175,南市DF027,28.12,199758,2575245,南縣DF027
1176,南市DF015,14.03,198353,2573667,南縣DF015
1177,南市DF016,57.83,197452,2571233,南縣DF016
1178,南市DF017,9.28,196844,2570674,南縣DF017
1179,南市DF018,12.45,196643,2570420,南縣DF018
1180,南市DF019,11.15,196557,2570272,南縣DF019
1181,南市DF020,10.4,196475,2570003,南縣DF020
1182,南市DF021,13.13,196330,2569578,南縣DF021
1183,南市DF022,12.13,196172,2569197,南縣DF022
1184,南市DF023,10.92,198293,2569719,南縣DF023
1185,南市DF024,46.78,198261,2570247,南縣DF024
1186,南市DF025,225.19,201170,2573189,南縣DF025
1187,南市DF012,16.13,200956,2577596,南縣DF012
1188,南市DF013,27.97,199288,2576939,南縣DF013
1189,南市DF014,57.73,200504,2576024,南縣DF014
1190,南市DF044,78.34,200949,2551126,南縣DF044
1191,南市DF045,133.95,200654,2550650,南縣DF045
1192,南市DF046,14.2,203063,2551775,南縣DF046
1193,南市DF047,6.62,203653,2552079,南縣DF047
1194,南市DF048,30.04,202865,2551754,南縣DF048
1195,南市DF038,315.56,208879,2569365,南縣DF038
1196,南市DF039,416.96,207815,2566108,南縣DF039
1197,南市DF040,9.8,207889,2563515,南縣DF040
1198,南市DF041,70.09,207518,2563313,南縣DF041
1199,南市DF042,177.47,206740,2563047,南縣DF042
1200,南市DF043,181.81,211981,2565519,南縣DF043
1201,南市DF029,13.42,200757,2568189,南縣DF029
1202,南市DF030,12.07,202985,2567178,南縣DF030
1203,南市DF031,3.48,197193,2567821,南縣DF031
1204,南市DF032,27.7,195464,2566890,南縣DF032
1205,南市DF033,451.47,201639,2558588,南縣DF033
1206,南市DF034,263.17,203763,2562219,南縣DF034
1207,南市DF035,451.46,203942,2564019,南縣DF035
1208,南市DF037,28.59,191405,2539348,南縣DF037
1209,高市DF026,15.31,197704,2542168,高縣DF023
1210,高市DF025,5.77,197379,2538008,高縣DF022
1211,高市DF024,14.86,198995,2547033,高縣DF021
1212,高市DF049,11.6,214616,2533662,高縣DF046
1213,高市DF050,168.12,215074,2534948,高縣DF047
1214,高市DF075,19.32,214529,2533407,高縣DF072
1215,高市DF051,139.28,215189,2538449,高縣DF048
1216,高市DF052,69.74,215104,2541648,高縣DF049
1217,高市DF053,87.35,214994,2542370,高縣DF050
1218,高市DF098,31.76,212986,2547105,高市S100-38
1219,高市DF048,14.04,211835,2542638,高縣DF045
1220,高市DF074,95.92,211744,2543530,高縣DF071
1221,高市DF099,40,211933,2542182,高市S100-44
1222,高市DF100,77.76,212325,2540944,高市S100-46
1223,高市DF097,42.95,216750,2554220,高市S100-19
1224,高市DF055,46.49,219137,2552684,高縣DF052
1225,高市DF077,556.04,219386,2551170,高縣DF074
1226,高市DF078,40.8,217751,2550616,高縣DF075
1227,高市DF079,696.72,218526,2549341,高縣DF076
1228,高市DF080,23.82,216903,2548092,高縣DF077
1229,高市DF102,8.6,217389,2550335,高市S100-25
1230,高市DF103,4.44,216473,2548837,高市S100-27
1231,高市DF104,5.85,216465,2548708,高市S100-28
1232,高市DF105,35.46,216749,2548349,高市S100-31
1233,高市DF106,15.36,216390,2547885,高市S100-32
1234,高市DF107,7.03,216332,2547728,高市S100-33
1235,高市DF108,50.71,216525,2547357,高市S100-35
1236,高市DF109,17.58,216462,2546961,高市S100-36
1237,高市DF054,444.25,217496,2546988,高縣DF051
1238,高市DF076,111.06,216652,2545392,高縣DF073
1239,高市DF101,14.9,216177,2545180,高市S100-41
1240,高市DF046,16.71,217092,2555530,高縣DF043
1241,高市DF047,187.94,217750,2557636,高縣DF044
1242,高市DF073,534.86,216076,2555952,高縣DF070
1243,高市DF027,17.53,183117,2526659,高縣DF024
1244,高市DF015,15.25,206923,2553462,高縣DF012
1245,高市DF016,54.19,203482,2550945,高縣DF013
1246,高市DF017,3.5,203541,2550404,高縣DF014
1247,高市DF008,31.79,215009,2564986,高縣DF005
1248,高市DF009,15.76,214021,2562240,高縣DF006
1249,高市DF010,64.03,214110,2561822,高縣DF007
1250,高市DF071,809.27,209424,2549965,高縣DF068
1251,高市DF095,138.32,209292,2551872,高市E100-67
1252,高市DF014,71.1,207427,2555234,高縣DF011
1253,高市DF094,7.45,207341,2554895,高市S100-57
1254,高市DF018,336.26,211779,2552257,高縣DF015
1255,高市DF019,44.66,210507,2552177,高縣DF016
1256,高市DF020,235.26,213331,2554967,高縣DF017
1257,高市DF011,23.28,209436,2559634,高縣DF008
1258,高市DF012,32.02,209108,2559167,高縣DF009
1259,高市DF013,11.86,209610,2556262,高縣DF010
1260,高市DF093,10.38,209891,2556441,高市S100-56
1261,高市DF021,124.09,202221,2549559,高縣DF018
1262,高市DF022,26.89,208361,2545511,高縣DF019
1263,高市DF023,168.31,207961,2546378,高縣DF020
1264,高市DF072,243.66,208048,2547089,高縣DF069
1265,高市DF007,332.68,220337,2567977,高縣DF004
1266,高市DF070,50.37,219306,2568702,高縣DF067
1267,高市DF004,61.77,222127,2574699,高縣DF001
1268,高市DF005,35.59,222165,2574319,高縣DF002
1269,高市DF065,61.19,219879,2574978,高縣DF062
1270,高市DF083,964.69,223889,2573371,高縣DF080
1271,高市DF084,87.81,221137,2572973,高縣DF081
1272,高市DF085,69.44,219253,2574149,高縣DF082
1273,高市DF006,27.95,219608,2570676,高縣DF003
1274,高市DF066,51.49,217538,2572835,高縣DF063
1275,高市DF067,116.72,217348,2572321,高縣DF064
1276,高市DF068,78.58,219971,2571368,高縣DF065
1277,高市DF069,1344.11,223562,2568716,高縣DF066
1278,高市DF086,20.07,218115,2573003,高縣DF083
1279,高市DF029,13.54,181489,2524183,高縣DF026
1280,高市DF028,9.2,182172,2527038,高縣DF025
1281,高市DF037,27.66,202650,2535619,高縣DF034
1282,高市DF038,11.79,202431,2535275,高縣DF035
1283,高市DF096,55.88,203042,2536619,高市E100-2
1284,高市DF043,4.51,207835,2529445,高縣DF040
1285,高市DF039,45.23,201350,2534567,高縣DF036
1286,高市DF040,52.1,200728,2534367,高縣DF037
1287,高市DF041,29.58,200055,2534027,高縣DF038
1288,高市DF042,32.66,199465,2533545,高縣DF039
1289,高市DF044,8.87,207903,2537272,高縣DF041
1290,高市DF056,151.81,221022,2533793,高縣DF053
1291,高市DF057,35.34,215310,2532420,高縣DF054
1292,高市DF081,52.42,216650,2534878,高縣DF078
1293,高市DF087,3.63,231819,2572521,高縣DF084
1294,高市DF088,5.35,231878,2572479,高縣DF085
1295,高市DF089,10.51,231845,2572296,高縣DF086
1296,高市DF090,27.37,231568,2571132,高市S100-6
1297,高市DF091,18.59,231492,2570882,高市S100-7
1298,高市DF045,27.47,217097,2556197,高縣DF042
1299,高市DF064,276.79,217169,2557167,高縣DF061
1300,高市DF060,680.97,225999,2567848,高縣DF057
1301,高市DF062,101.3,225656,2562976,高縣DF059
1302,高市DF063,23.61,225659,2562207,高縣DF060
1303,高市DF092,43.76,219743,2557827,高市S100-13
1304,高市DF058,89.97,232405,2573070,高縣DF055
1305,高市DF059,96.81,230905,2567577,高縣DF056
1306,高市DF110,6139.03,235316,2566442,高市E102-1
1307,高市DF061,35.22,228263,2564098,高縣DF058
1308,高市DF082,395.33,229016,2563253,高縣DF079
1309,高市DF001,16.2,173656,2505166,高雄A055
1310,高市DF002,10.74,173786,2504949,高雄A056
1311,高市DF003,7.3,174993,2503601,高雄A057
1312,高市DF030,15.39,200226,2534668,高縣DF027
1313,高市DF031,7.54,199212,2534054,高縣DF028
1314,高市DF032,5.43,198970,2533613,高縣DF029
1315,高市DF033,3.72,198820,2533538,高縣DF030
1316,高市DF034,6.89,198666,2533397,高縣DF031
1317,高市DF035,5.23,198361,2533192,高縣DF032
1318,高市DF036,10.37,199104,2533237,高縣DF033
1319,高市DF111,9.94,198972,2533086,高市DF036
1320,屏縣DF010,75.53,213664,2519719,屏東A033
1321,屏縣DF011,38.42,213993,2519413,屏東004
1322,屏縣DF012,11.09,213983,2519022,屏東A034
1323,屏縣DF009,32.01,213409,2521966,屏東A032
1324,屏縣DF008,30.04,213667,2523841,屏東A031
1325,屏縣DF007,143.47,213516,2527046,屏東003
1326,屏縣DF013,426.75,219692,2512124,屏東006
1327,屏縣DF063,9.47,230552,2442173,屏東A062
1328,屏縣DF057,41.78,230157,2448372,屏東024
1329,屏縣DF058,15.08,229423,2448096,屏東A058
1330,屏縣DF059,6.72,224781,2447667,屏東A059
1331,屏縣DF060,11.41,223294,2445394,屏東028
1332,屏縣DF061,8.2,223193,2444853,屏東A060
1333,屏縣DF062,7.31,223522,2444645,屏東A061
1334,屏縣DF055,69.91,232270,2453180,屏東022
1335,屏縣DF056,77.04,230002,2450261,屏東023
1336,屏縣DF029,184.73,215168,2490811,屏東010
1337,屏縣DF030,88.16,213579,2490638,屏東013
1338,屏縣DF031,91.48,212546,2488964,屏東014
1339,屏縣DF032,16.78,212053,2488448,屏東A045
1340,屏縣DF027,51.24,213353,2492735,屏東011
1341,屏縣DF028,21.69,212745,2492337,屏東012
1342,屏縣DF025,37.61,216444,2491216,屏東008
1343,屏縣DF069,11.08,216961,2491558,屏縣T100-11
1344,屏縣DF033,37.78,211489,2484733,屏東A046
1345,屏縣DF026,53.82,215732,2491204,屏東009
1346,屏縣DF068,61.47,216573,2495052,屏縣T100-6
1347,屏縣DF054,401.32,220417,2453138,屏東A057
1348,屏縣DF034,6.22,213916,2482088,屏東015
1349,屏縣DF035,18.31,213953,2481343,屏東016
1350,屏縣DF037,61.41,214080,2473036,屏東017
1351,屏縣DF036,9.74,212726,2480881,屏東A047
1352,屏縣DF023,7.55,212210,2494512,屏東A042
1353,屏縣DF021,3.75,212288,2501689,屏東A043
1354,屏縣DF022,134.07,212708,2501010,屏東A041
1355,屏縣DF067,55.5,216107,2497895,屏縣T100-5
1356,屏縣DF020,1.75,212759,2502478,屏東A040
1357,屏縣DF003,13.6,213890,2529016,屏東A029
1358,屏縣DF004,71.38,214017,2528687,屏東001
1359,屏縣DF005,18.67,213579,2528510,屏東A030
1360,屏縣DF006,125.54,213580,2527842,屏東002
1361,屏縣DF045,41.65,221898,2456060,屏東021
1362,屏縣DF046,119.59,222702,2455558,屏東020
1363,屏縣DF047,553.36,223866,2454579,屏東019
1364,屏縣DF065,147.75,227198,2456223,屏縣T99-1
1365,屏縣DF051,5.8,234354,2457682,屏東A056
1366,屏縣DF052,5.35,234355,2457944,屏東A055
1367,屏縣DF041,1.83,213587,2466907,屏東A051
1368,屏縣DF042,8.36,213709,2466786,屏東A052
1369,屏縣DF048,399.61,220679,2451626,屏東025
1370,屏縣DF049,457.66,220922,2450402,屏東026
1371,屏縣DF050,303.87,221199,2448800,屏東027
1372,屏縣DF071,49.06,219841,2450301,屏縣T107-1
1373,屏縣DF038,8.23,213902,2468345,屏東A048
1374,屏縣DF039,3.8,214050,2468244,屏東A049
1375,屏縣DF040,3,214191,2468089,屏東A050
1376,屏縣DF053,14.28,229984,2459525,屏東A054
1377,屏縣DF043,34.9,216547,2461308,屏東A053
1378,屏縣DF044,121.16,217171,2460189,屏東018
1379,屏縣DF024,7.94,211546,2493346,屏東A044
1380,屏縣DF064,28.16,233964,2433133,屏東A063
1381,屏縣DF070,76.14,229995,2437954,屏縣T100-22
1382,屏縣DF014,10.84,214540,2511367,屏東007
1383,屏縣DF015,46.94,212714,2506933,屏東A036
1384,屏縣DF016,81.54,212794,2506273,屏東A037
1385,屏縣DF017,54.02,212673,2505625,屏東A038
1386,屏縣DF018,52.3,212322,2504893,屏東A039
1387,屏縣DF066,336.08,214893,2509337,屏縣T100-4
1388,屏縣DF019,485.79,216750,2509278,屏東T97-82
1389,屏縣DF002,1.68,224953,2513853,屏東A035
1390,屏縣DF001,129.92,223503,2514236,屏東005
1391,東縣DF091,40.15,242957,2481944,台東056
1392,東縣DF092,116.42,242310,2481487,台東057
1393,東縣DF093,204.37,241452,2480742,台東058
1394,東縣DF094,214.81,240306,2480373,台東059
1395,東縣DF164,312.99,241552,2482963,東縣V100-25
1396,東縣DF165,5.48,243387,2482416,東縣V100-27
1397,東縣DF095,51.26,237030,2473034,台東A128
1398,東縣DF096,4.14,237534,2473192,台東A127
1399,東縣DF097,47.95,240276,2477248,台東060
1400,東縣DF098,12.74,240239,2476685,台東A126
1401,東縣DF099,1538.62,237839,2476627,台東061
1402,東縣DF100,35.52,239329,2474467,台東062
1403,東縣DF101,44.95,237069,2472195,台東063
1404,東縣DF102,80.57,236856,2469924,台東064
1405,東縣DF103,26.9,237536,2469718,台東065
1406,東縣DF104,7.03,238787,2470682,台東A131
1407,東縣DF105,6.8,238743,2470766,台東A130
1408,東縣DF106,3.52,238403,2470992,台東A129
1409,東縣DF107,278.83,237114,2468220,台東066
1410,東縣DF108,32.24,238306,2469056,台東A133
1411,東縣DF109,12.96,238521,2470169,台東A132
1412,東縣DF111,117.03,248361,2502853,台東036
1413,東縣DF112,89.07,247935,2500647,台東038
1414,東縣DF110,224.61,249669,2506035,台東034
1415,東縣DF118,73.92,243708,2485552,台東050
1416,東縣DF119,39.71,244381,2486227,台東049
1417,東縣DF120,72.57,244412,2487082,台東048
1418,東縣DF121,72.6,245013,2489812,台東047
1419,東縣DF113,564.7,245859,2494621,台東A122
1420,東縣DF114,90.72,244701,2493393,台東046
1421,東縣DF115,658.3,243006,2494189,台東A123
1422,東縣DF116,7.16,246847,2494403,台東044
1423,東縣DF117,18.39,246815,2494865,台東043
1424,東縣DF122,141.76,247109,2496598,台東042
1425,東縣DF123,56.84,247735,2497378,台東041
1426,東縣DF124,88.25,251393,2505794,台東033
1427,東縣DF125,278.94,250635,2507377,台東032
1428,東縣DF154,466.36,284143,2553224,台東010
1429,東縣DF153,173.94,284114,2556201,台東009
1430,東縣DF158,177.93,289607,2561861,台東006
1431,東縣DF159,191.46,289571,2563111,台東005
1432,東縣DF155,495.17,282829,2550547,台東011
1433,東縣DF156,60.6,282908,2548729,台東012
1434,東縣DF157,122.5,283346,2547942,台東013
1435,東縣DF151,819.52,288183,2568093,台東A112
1436,東縣DF152,1370.31,287632,2565467,台東004
1437,東縣DF002,51.18,273689,2552994,台東008
1438,東縣DF001,279.94,275085,2553950,台東007
1439,東縣DF068,42.3,264698,2523983,台東031
1440,東縣DF069,26.78,266000,2528717,台東A150
1441,東縣DF053,29.17,256092,2520674,台東080
1442,東縣DF054,90.22,255064,2520469,台東079
1443,東縣DF042,51.03,258825,2529832,台東088
1444,東縣DF043,88.28,258485,2529479,台東087
1445,東縣DF044,76.66,257795,2529120,台東086
1446,東縣DF045,53.93,257688,2528227,台東A142
1447,東縣DF046,255.42,256640,2527668,台東085
1448,東縣DF038,94.54,258993,2530639,台東A144
1449,東縣DF039,60.96,262213,2526481,台東029
1450,東縣DF040,54.97,262419,2527245,台東028
1451,東縣DF041,15.44,260440,2528882,台東A143
1452,東縣DF055,74.04,254270,2519713,台東078
1453,東縣DF056,68.72,251912,2518990,台東077
1454,東縣DF057,126.92,253707,2516497,台東076
1455,東縣DF047,395.25,256588,2526063,台東084
1456,東縣DF048,50.26,257658,2525221,台東A141
1457,東縣DF049,1204.08,254253,2525042,台東083
1458,東縣DF050,253.27,254878,2522289,台東082
1459,東縣DF051,163.3,255743,2521642,台東081
1460,東縣DF052,33.67,256233,2521190,台東A138
1461,東縣DF058,131.68,252757,2514796,台東073
1462,東縣DF059,250.3,251639,2513645,台東072
1463,東縣DF060,579.57,247807,2511838,台東069
1464,東縣DF061,290.37,251126,2512395,台東071
1465,東縣DF062,383.94,249590,2511979,台東070
1466,東縣DF063,111.87,250146,2509234,台東A134
1467,東縣DF064,17.32,250670,2509856,台東A135
1468,東縣DF065,252.71,251641,2509109,台東A136
1469,東縣DF070,140.47,263252,2529524,台東A149
1470,東縣DF071,39.2,264127,2529663,台東027
1471,東縣DF072,13.58,263400,2530778,台東A148
1472,東縣DF073,10.68,263235,2530739,台東A147
1473,東縣DF074,7.26,263051,2530685,台東A146
1474,東縣DF075,4.9,261544,2531126,台東A145
1475,東縣DF066,5.63,259877,2523152,台東A139
1476,東縣DF067,34.25,257632,2524479,台東A140
1477,東縣DF126,71.08,261868,2523782,台東030
1478,東縣DF034,36.23,261153,2536359,台東092
1479,東縣DF035,63.48,260624,2536768,台東093
1480,東縣DF036,45.85,260291,2537180,台東094
1481,東縣DF037,227.13,260055,2538222,台東095
1482,東縣DF028,54.68,261976,2541884,台東096
1483,東縣DF032,35.83,254734,2531046,台東089
1484,東縣DF166,33.6,255945,2532729,東縣V105-1
1485,東縣DF029,1422.3,255915,2536473,台東090
1486,東縣DF030,27.36,259219,2535478,台東A151
1487,東縣DF031,134.76,260125,2535239,台東091
1488,東縣DF033,129.64,268244,2532690,台東025
1489,東縣DF131,281.16,281323,2553842,台東A113
1490,東縣DF132,24.64,280668,2546271,台東N002
1491,東縣DF133,113.59,280775,2547896,台東N001
1492,東縣DF134,85.38,281169,2549081,台東A115
1493,東縣DF135,41.12,281393,2551541,台東A114
1494,東縣DF149,55.71,278562,2539246,台東019
1495,東縣DF150,352.13,279031,2540744,台東018
1496,東縣DF136,49.53,277871,2542087,台東A117
1497,東縣DF137,8.42,276801,2541238,台東A118
1498,東縣DF138,44.29,276760,2540633,台東A119
1499,東縣DF139,25.97,276430,2540810,台東014
1500,東縣DF140,80.58,276317,2540291,台東015
1501,東縣DF141,14.31,279398,2543039,台東A116
1502,東縣DF144,46.6,272602,2532802,台東022
1503,東縣DF145,32.14,271501,2532320,台東023
1504,東縣DF146,161.55,269504,2531841,台東026
1505,東縣DF147,16.26,269661,2528469,台東A120
1506,東縣DF148,293.48,271000,2531676,台東024
1507,東縣DF142,271.82,274898,2534834,台東020
1508,東縣DF143,342.84,272994,2534576,台東021
1509,東縣DF082,283.5,248764,2501688,台東037
1510,東縣DF076,342.75,248591,2504257,台東035
1511,東縣DF077,9.16,249817,2503650,台東A124
1512,東縣DF078,64.02,246213,2500440,台東039
1513,東縣DF079,391.02,244883,2501035,台東040
1514,東縣DF081,155.61,245597,2493646,台東045
1515,東縣DF080,4.33,242327,2492077,台東A125
1516,東縣DF160,280.23,296116,2584390,台東001
1517,東縣DF161,142.22,293898,2582416,台東002
1518,東縣DF162,331.84,293181,2581581,台東003
1519,東縣DF163,460.27,288772,2572742,台東A111
1520,東縣DF015,114.62,262138,2542980,台東097
1521,東縣DF016,47.71,264832,2550341,台東A155
1522,東縣DF017,751.19,265159,2552557,台東099
1523,東縣DF018,122.77,265155,2553606,台東A156
1524,東縣DF012,60.28,263114,2558703,台東102
1525,東縣DF013,97.93,267035,2555164,台東A157
1526,東縣DF014,199.35,266611,2555982,台東101
1527,東縣DF019,11.5,269298,2561455,台東A158
1528,東縣DF020,29.73,271327,2561554,台東A159
1529,東縣DF003,123.54,253132,2562149,台東110
1530,東縣DF004,18.75,254398,2562253,台東A160
1531,東縣DF005,484.04,254095,2561036,台東109
1532,東縣DF006,197.44,256183,2560434,台東108
1533,東縣DF007,22.51,257622,2560117,台東107
1534,東縣DF008,118.42,257459,2559603,台東106
1535,東縣DF009,39.68,258144,2559515,台東105
1536,東縣DF010,103.78,259380,2559165,台東104
1537,東縣DF011,33.61,260034,2559463,台東103
1538,東縣DF026,118.3,268744,2541753,台東017
1539,東縣DF024,21.31,263556,2542903,台東A153
1540,東縣DF025,15.79,260775,2534828,台東A152
1541,東縣DF084,57.31,239791,2484972,台東052
1542,東縣DF085,29.28,239438,2484750,台東053
1543,東縣DF086,72.55,238766,2484912,台東054
1544,東縣DF087,107.1,238047,2484710,台東055
1545,東縣DF083,605.16,241011,2487398,台東051
1546,東縣DF090,5523.16,232901,2465261,台東067
1547,東縣DF088,24.54,238007,2463231,台東T001
1548,東縣DF089,133.9,237762,2464188,台東068
1549,東縣DF127,40.47,261952,2523002,台東A121
1550,東縣DF129,53.47,255001,2516463,台東075
1551,東縣DF130,33.19,254986,2515441,台東074
1552,東縣DF128,12.84,254864,2517114,台東A137
1553,東縣DF022,46.2,264715,2547212,台東A154
1554,東縣DF023,134.04,263296,2546884,台東098
1555,東縣DF027,91.51,269461,2542586,台東016
1556,東縣DF021,235.11,266236,2554207,台東100
1557,花縣DF063,42.42,282129,2583768,花蓮A153
1558,花縣DF064,12.22,282641,2587420,花蓮A141
1559,花縣DF065,17.55,282664,2586854,花蓮A142
1560,花縣DF066,4.86,282768,2586753,花蓮A143
1561,花縣DF067,30.97,282433,2586521,花蓮A144
1562,花縣DF080,102.53,285736,2581052,花蓮A146
1563,花縣DF081,77.66,286152,2582032,花蓮036
1564,花縣DF082,4.31,285981,2584645,花蓮A145
1565,花縣DF059,253.1,289109,2588930,花蓮032
1566,花縣DF076,19.23,278441,2574798,花蓮A151
1567,花縣DF077,39.19,278155,2573958,花蓮043
1568,花縣DF068,5.99,281279,2581507,花蓮A147
1569,花縣DF069,11.25,281121,2581359,花蓮A148
1570,花縣DF070,20.21,280381,2581251,花蓮A149
1571,花縣DF071,41.39,280140,2580795,花蓮049
1572,花縣DF072,50.11,279547,2580413,花蓮048
1573,花縣DF073,12.16,279959,2579175,花蓮A150
1574,花縣DF074,30.2,279623,2578732,花蓮047
1575,花縣DF075,38.53,279388,2578284,花蓮046
1576,花縣DF078,72.5,285677,2577009,花蓮N001
1577,花縣DF079,3412.57,289393,2581997,花蓮N002
1578,花縣DF060,156.75,288629,2588026,花蓮033
1579,花縣DF061,17.14,287728,2587947,花蓮034
1580,花縣DF062,563.9,289335,2587120,花蓮035
1581,花縣DF112,45.73,291055,2617586,花蓮064
1582,花縣DF113,216.83,289982,2617168,花蓮063
1583,花縣DF114,22.25,293703,2610872,花蓮A132
1584,花縣DF115,112.22,294185,2611583,花蓮A133
1585,花縣DF116,5.89,293958,2612471,花蓮A134
1586,花縣DF109,14.71,292266,2619212,花蓮A123
1587,花縣DF110,13.13,292326,2619007,花蓮A122
1588,花縣DF111,179.49,289423,2618681,花蓮A124
1589,花縣DF123,44.04,292814,2610174,花蓮A131
1590,花縣DF117,115.46,289967,2616057,花蓮062
1591,花縣DF118,1125.91,286967,2615672,花蓮061
1592,花縣DF119,52.44,288695,2614314,花蓮A125
1593,花縣DF083,16.61,287869,2610145,花蓮A129
1594,花縣DF120,1256.48,284940,2613587,花蓮A126
1595,花縣DF121,52,287331,2611614,花蓮A127
1596,花縣DF122,25.13,287724,2611297,花蓮A128
1597,花縣DF124,187.68,300910,2616444,花蓮022
1598,花縣DF164,240.24,301889,2618719,花縣U99-3
1599,花縣DF153,390.27,304783,2653160,花蓮005
1600,花縣DF154,17.83,303783,2650637,花蓮009
1601,花縣DF155,31.4,304107,2650698,花蓮A099
1602,花縣DF156,71.13,304516,2651134,花蓮008
1603,花縣DF157,35.27,304962,2651143,花蓮007
1604,花縣DF158,104.29,304978,2651782,花蓮006
1605,花縣DF159,11.22,305689,2652356,花蓮A098
1606,花縣DF005,3806.99,292227,2642114,花蓮071
1607,花縣DF006,486.52,299711,2647312,花蓮075
1608,花縣DF007,1286.3,297883,2640959,花蓮073
1609,花縣DF012,2865.44,303603,2656978,花蓮004
1610,花縣DF013,11.48,307909,2656676,花蓮A093
1611,花縣DF020,14.3,312776,2668241,花蓮A087
1612,花縣DF021,56.12,312820,2668861,花蓮001
1613,花縣DF022,12.64,313916,2669814,花蓮A086
1614,花縣DF169,33.02,313314,2669123,花縣U107-2
1615,花縣DF014,84.6,308776,2658709,花蓮002
1616,花縣DF015,534.08,308252,2660536,花蓮A092
1617,花縣DF016,134.3,309819,2662137,花蓮A091
1618,花縣DF017,23.89,310506,2662797,花蓮A090
1619,花縣DF025,212.7,323267,2683684,花蓮A079
1620,花縣DF026,104.25,324125,2684409,花蓮A078
1621,花縣DF166,105.9,323850,2684973,花縣U101-1
1622,花縣DF023,95.81,314923,2672722,花蓮A081
1623,花縣DF024,529.95,318801,2680788,花蓮A080
1624,花縣DF001,72.45,298130,2678215,花蓮A084
1625,花縣DF002,284.68,295384,2679314,花蓮A085
1626,花縣DF003,251.28,313083,2670389,花蓮A082
1627,花縣DF004,54.92,313031,2671092,花蓮A083
1628,花縣DF018,43.05,310911,2664049,花蓮A089
1629,花縣DF019,11520.14,305057,2664469,花蓮A088、花縣U106-1
1630,花縣DF008,268.4,299862,2649208,花蓮A094
1631,花縣DF009,99.57,299677,2649835,花蓮A095
1632,花縣DF010,36.62,299199,2650436,花蓮076
1633,花縣DF011,372.33,302823,2651605,花蓮077
1634,花縣DF050,258.01,279242,2588199,花蓮052
1635,花縣DF051,107.05,281706,2586856,花蓮053
1636,花縣DF052,9.47,282327,2587519,花蓮A152
1637,花縣DF041,261.78,271322,2564628,花蓮040
1638,花縣DF042,8.21,276657,2569134,花蓮A157
1639,花縣DF043,209.32,276382,2572844,花蓮041
1640,花縣DF044,24.1,277999,2573582,花蓮042
1641,花縣DF165,505.72,282573,2593675,花縣U100-21
1642,花縣DF045,55.89,276652,2573982,花蓮044
1643,花縣DF046,14.69,277893,2577447,花蓮A156
1644,花縣DF047,85.23,278370,2578015,花蓮045
1645,花縣DF039,118.38,280244,2583900,花蓮051
1646,花縣DF040,930.81,277464,2585053,花蓮050
1647,花縣DF048,39.33,280941,2583687,花蓮A154
1648,花縣DF049,13.86,280857,2583074,花蓮A155
1649,花縣DF160,158.82,308137,2657825,花蓮003
1650,花縣DF161,10.83,308323,2656744,花蓮A096
1651,花縣DF162,90.24,306812,2656747,花蓮A097
1652,花縣DF054,7.96,276178,2562195,花蓮A158
1653,花縣DF163,583.06,285113,2573316,花縣U98-03
1654,花縣DF055,28.98,275114,2558937,花蓮A160
1655,花縣DF053,190.38,281648,2569452,花蓮037
1656,花縣DF167,19.01,282761,2571479,花縣U102-5
1657,花縣DF170,10.54,271808,2561165,花蓮U108-1
1658,花縣DF056,21.14,277741,2559388,花蓮A159
1659,花縣DF057,796.94,280207,2564331,花蓮039
1660,花縣DF058,1639.94,282648,2566426,花蓮038
1661,花縣DF087,74.78,299134,2598242,花蓮030
1662,花縣DF088,277.28,298982,2599888,花蓮029
1663,花縣DF089,255.37,298117,2599672,花蓮028
1664,花縣DF084,15.9,288097,2609414,花蓮A140
1665,花縣DF085,439.25,285320,2610736,花蓮059
1666,花縣DF090,78.64,292021,2607497,花蓮058
1667,花縣DF091,201.22,292566,2608986,花蓮060
1668,花縣DF092,27.88,291625,2609274,花蓮A130
1669,花縣DF086,148.41,285526,2601480,花蓮055
1670,花縣DF027,82.13,293231,2634308,花蓮A118
1671,花縣DF028,122.4,292683,2634525,花蓮070
1672,花縣DF036,57.41,294845,2629738,花蓮068
1673,花縣DF037,67.4,294775,2630350,花蓮069
1674,花縣DF038,20.19,295021,2631316,花蓮A119
1675,花縣DF033,50.88,288174,2621456,花蓮065
1676,花縣DF034,50.15,288918,2621560,花蓮066
1677,花縣DF029,70.43,284619,2600573,花蓮054
1678,花縣DF030,172.32,286278,2603691,花蓮056
1679,花縣DF031,78.25,287210,2605123,花蓮A121
1680,花縣DF032,1043.17,285011,2605620,花蓮057
1681,花縣DF168,8.37,287349,2603635,花縣U103-1
1682,花縣DF150,46.68,306471,2639226,花蓮A107
1683,花縣DF151,68.75,307206,2639861,花蓮A106
1684,花縣DF152,57.49,309419,2642383,花蓮010
1685,花縣DF144,3.57,307787,2633093,花蓮015
1686,花縣DF145,39.77,307872,2633725,花蓮014
1687,花縣DF146,60.7,308039,2634257,花蓮013
1688,花縣DF133,1789.73,298026,2644147,花蓮074
1689,花縣DF134,17.61,303598,2647217,花蓮A100
1690,花縣DF140,31.08,304445,2635341,花蓮A108
1691,花縣DF141,79.53,304179,2633097,花蓮016
1692,花縣DF142,70.64,302558,2629620,花蓮A109
1693,花縣DF143,81.17,302008,2628811,花蓮A110
1694,花縣DF135,31.03,302968,2645127,花蓮A101
1695,花縣DF139,104.76,296774,2635996,花蓮A104
1696,花縣DF137,54.2,297355,2638504,花蓮A103
1697,花縣DF138,460.97,297186,2637551,花蓮072
1698,花縣DF136,24.32,298071,2639075,花蓮A102
1699,花縣DF147,276.92,308570,2636228,花蓮012
1700,花縣DF148,464.53,309538,2640572,花蓮011
1701,花縣DF149,77.76,310495,2642073,花蓮A105
1702,花縣DF129,40.72,301103,2622958,花蓮A117
1703,花縣DF130,741.63,302210,2625433,花蓮A116
1704,花縣DF131,26.33,301141,2626188,花蓮A115
1705,花縣DF132,67.24,301469,2627215,花蓮A114
1706,花縣DF128,2.7,294233,2624820,花蓮A120
1707,花縣DF035,56.55,293461,2625707,花蓮A113
1708,花縣DF125,110.88,292707,2626382,花蓮067
1709,花縣DF126,21.79,294971,2629047,花蓮A111
1710,花縣DF127,696.92,291561,2627869,花蓮A112
1711,花縣DF107,278.27,300519,2599054,花蓮027
1712,花縣DF108,110.62,299636,2597463,花蓮031
1713,花縣DF099,166.71,303515,2617945,花蓮021
1714,花縣DF100,5.01,303893,2615194,花蓮A137
1715,花縣DF101,77.79,303364,2614638,花蓮023
1716,花縣DF102,52.61,303342,2613870,花蓮024
1717,花縣DF093,316.11,304728,2624757,花蓮A135
1718,花縣DF094,28,305360,2623781,花蓮A136
1719,花縣DF095,57.73,305320,2621256,花蓮017
1720,花縣DF096,45.32,305132,2620795,花蓮018
1721,花縣DF097,54.29,304639,2619865,花蓮019
1722,花縣DF098,187.63,304566,2619211,花蓮020
1723,花縣DF103,17.25,302457,2607343,花蓮A138
1724,花縣DF104,20.15,302295,2606885,花蓮A139
1725,花縣DF105,272.9,300410,2605789,花蓮025
1726,花縣DF106,136.06,300716,2603760,花蓮026